          ,close  ,high              ,low    ,p_change             ,open  ,pre_close,volume  ,date    ,date_week,key,atr21             ,atr14
2017-06-12,120.76 ,122.09            ,120.2  ,-1.853               ,121.98,123.04   ,6573655 ,20170612,0        ,0  ,2.8400000000000603,2.8400000000000603
2017-06-13,122.32 ,122.71            ,121.09 ,1.2919999999999998   ,121.24,120.76   ,3938294 ,20170613,1        ,1  ,2.3738095238095838,2.3632142857143457
2017-06-14,122.5  ,123.16            ,121.76 ,0.147                ,122.85,122.32   ,2939755 ,20170614,2        ,2  ,2.383383685800634 ,2.377266553480504
2017-06-15,121.42 ,121.63            ,119.89 ,-0.882               ,121.07,122.5    ,3492638 ,20170615,3        ,3  ,2.3967528549881765,2.3933992023205484
2017-06-16,121.96 ,122.2             ,120.72 ,0.445                ,121.49,121.42   ,3804863 ,20170616,4        ,4  ,2.248845719152867 ,2.2333642889904985
2017-06-19,123.09 ,123.12            ,122.26 ,0.927                ,122.63,121.96   ,2547054 ,20170619,0        ,5  ,2.1342829666092666,2.109953301555086
2017-06-20,122.93 ,123.77            ,122.67 ,-0.13                ,122.89,123.09   ,3015269 ,20170620,1        ,6  ,2.0737288713358364,2.046746781160507
2017-06-21,123.1  ,123.54            ,122.44 ,0.138                ,123.54,122.93   ,2384118 ,20170621,2        ,7  ,1.9078019152705852,1.8615770517705355
2017-06-22,123.4  ,123.5             ,122.33 ,0.244                ,122.97,123.1    ,2160617 ,20170622,3        ,8  ,1.7913361677272512,1.7342416405992083
2017-06-23,124.01 ,125.0             ,123.12 ,0.494                ,123.68,123.4    ,3381548 ,20170623,4        ,9  ,1.8074130207205914,1.763286425599251
2017-06-26,123.52 ,124.58            ,123.19 ,-0.395               ,124.17,124.01   ,2377237 ,20170626,0        ,10 ,1.7489891841822935,1.7005076384209066
2017-06-27,122.74 ,123.51            ,122.74 ,-0.631               ,123.49,123.52   ,2516446 ,20170627,1        ,11 ,1.685081874575232 ,1.6305433906084548
2017-06-28,124.81 ,124.87            ,122.57 ,1.686                ,123.19,122.74   ,2574869 ,20170628,2        ,12 ,1.7637793890616478,1.7362556626748462
2017-06-29,121.51 ,124.68            ,121.2  ,-2.644               ,124.61,124.81   ,4147360 ,20170629,3        ,13 ,1.9755707219393368,2.0050018731670036
2017-06-30,121.45 ,122.42            ,121.21 ,-0.049               ,121.78,121.51   ,3574016 ,20170630,4        ,14 ,2.1697251332784875,2.245817489313215
2017-07-03,120.78 ,122.31            ,120.72 ,-0.552               ,122.25,121.45   ,2314224 ,20170703,0        ,15 ,2.102362853758116 ,2.1485181929203314
2017-07-05,121.98 ,122.16            ,121.12 ,0.994                ,121.14,120.78   ,3856490 ,20170705,2        ,16 ,1.9819641759629856,1.9864899828928464
2017-07-06,120.8  ,121.68            ,120.65 ,-0.967               ,121.34,121.98   ,2691063 ,20170706,3        ,17 ,1.8764430818513544,1.848454631128698
2017-07-07,122.2  ,122.72            ,121.07 ,1.159                ,121.39,120.8    ,2119025 ,20170707,4        ,18 ,1.8518334806979613,1.8201258373607723
2017-07-10,122.73 ,123.19            ,121.82 ,0.434                ,122.16,122.2    ,2886891 ,20170710,0        ,19 ,1.909299696536473 ,1.9007150015981176
2017-07-11,124.23 ,124.71            ,122.5  ,1.222                ,122.81,122.73   ,3885719 ,20170711,1        ,20 ,1.9724411565779825,1.986186662600553
2017-07-12,125.28 ,125.75            ,124.6  ,0.845                ,125.0 ,124.23   ,2770351 ,20170712,2        ,21 ,2.081011167385854 ,2.1302112032218767
2017-07-13,125.47 ,126.4             ,125.37 ,0.152                ,125.62,125.28   ,3330947 ,20170713,3        ,22 ,2.090118107561864 ,2.1357213807883975
2017-07-14,127.01 ,127.53            ,125.56 ,1.227                ,125.56,125.47   ,2690807 ,20170714,4        ,23 ,2.106295215626304 ,2.1514662077672346
2017-07-17,127.43 ,127.58            ,126.54 ,0.331                ,127.26,127.01   ,2291720 ,20170717,0        ,24 ,2.1066662601284207,2.1457784359334684
2017-07-18,127.73 ,128.16            ,127.0  ,0.235                ,127.11,127.43   ,3732790 ,20170718,1        ,25 ,2.0127233703099914,2.011079039859684
2017-07-19,128.04 ,128.27            ,127.555,0.243                ,127.73,127.73   ,2550405 ,20170719,2        ,26 ,1.897308582026415 ,1.8515874857984036
2017-07-20,128.47 ,128.84            ,127.935,0.336                ,128.4 ,128.04   ,2350324 ,20170720,3        ,27 ,1.8204021231104817,1.7508771235656357
2017-07-21,129.27 ,130.2             ,128.32 ,0.623                ,128.53,128.47   ,4375392 ,20170721,4        ,28 ,1.8533517845445682,1.8063006255908856
2017-07-24,129.52 ,129.9             ,128.6  ,0.193                ,129.39,129.27   ,3065440 ,20170724,0        ,29 ,1.8125255672255673,1.75543216631352
2017-07-25,129.98 ,130.18            ,129.22 ,0.355                ,130.0 ,129.52   ,2476008 ,20170725,1        ,30 ,1.7307635493319076,1.6481035888752147
2017-07-26,130.99 ,131.18            ,129.76 ,0.777                ,129.92,129.98   ,3545311 ,20170726,2        ,31 ,1.7240106663736747,1.6497062245974323
2017-07-27,128.93 ,132.19899999999998,126.55 ,-1.5730000000000002  ,132.0 ,130.99   ,4914542 ,20170727,3        ,32 ,2.0968825346740365,2.1877308273499505
2017-07-28,127.91 ,129.99            ,127.31 ,-0.7909999999999999  ,128.96,128.93   ,5257922 ,20170728,4        ,33 ,2.2466651731236436,2.3882457240559
2017-07-31,127.8  ,128.45            ,127.4  ,-0.086               ,128.0 ,127.91   ,3347529 ,20170731,0        ,34 ,2.1791098999682883,2.273043325894247
2017-08-01,129.49 ,129.98            ,128.5  ,1.3219999999999998   ,128.66,127.8    ,4009882 ,20170801,1        ,35 ,2.168859216917707 ,2.2458132213002022
2017-08-02,130.61 ,130.61            ,129.18 ,0.865                ,129.74,129.49   ,3578631 ,20170802,2        ,36 ,2.228910759393838 ,2.3214175046193137
2017-08-03,129.89 ,130.57            ,129.24 ,-0.551               ,130.4 ,130.61   ,2568052 ,20170803,3        ,37 ,2.1449468354397005,2.1886511160940554
2017-08-04,129.82 ,130.25            ,129.44 ,-0.054000000000000006,130.22,129.89   ,2208103 ,20170804,4        ,38 ,2.054107507682989 ,2.0523171179357735
2017-08-07,130.38 ,130.495           ,129.55 ,0.431                ,129.99,129.82   ,1585752 ,20170807,0        ,39 ,1.9510014310845853,1.9041909803264934
2017-08-08,129.84 ,130.31            ,129.3  ,-0.414               ,130.13,130.38   ,2058134 ,20170808,1        ,40 ,1.8637023306664506,1.784627033904095
2017-08-09,129.72 ,130.03            ,128.77 ,-0.092               ,129.09,129.84   ,1789884 ,20170809,2        ,41 ,1.840209496908362 ,1.7612861623105898
2017-08-10,127.67 ,129.41            ,127.59 ,-1.58                ,129.17,129.72   ,2590414 ,20170810,3        ,42 ,1.8780920385384345,1.8265868611580223
2017-08-11,128.55 ,129.42            ,127.86 ,0.6890000000000001   ,128.16,127.67   ,2484529 ,20170811,4        ,43 ,1.876422106596808 ,1.8310501715886567
2017-08-14,131.09 ,131.29            ,129.0  ,1.976                ,129.23,128.55   ,2793352 ,20170814,0        ,44 ,2.0371340287496187,2.0699583863057085
2017-08-15,131.58 ,131.99            ,130.95 ,0.374                ,131.42,131.09   ,2155513 ,20170815,1        ,45 ,2.166277983680514 ,2.25288380534014
2017-08-16,132.37 ,132.63            ,131.81 ,0.6                  ,132.17,131.58   ,2000733 ,20170816,2        ,46 ,2.108690685700706 ,2.1577184678210157
2017-08-17,130.88 ,132.5             ,130.82 ,-1.126               ,132.16,132.37   ,2672091 ,20170817,3        ,47 ,2.069312920957494 ,2.0939563798238616
2017-08-18,131.14 ,131.97            ,130.36 ,0.199                ,130.56,130.88   ,3167271 ,20170818,4        ,48 ,2.0638698332905365,2.082752100145639
2017-08-21,131.94 ,132.09            ,131.13 ,0.61                 ,131.35,131.14   ,1807346 ,20170821,0        ,49 ,1.9855783731736447,1.9662942095579603
2017-08-22,133.8  ,134.24            ,132.28 ,1.41                 ,132.51,131.94   ,2179297 ,20170822,1        ,50 ,2.0876801201280037,2.1175573556669374
2017-08-23,133.07 ,133.48            ,132.67 ,-0.546               ,133.18,133.8    ,2006380 ,20170823,2        ,51 ,2.037538011585056 ,2.0405045125030337
2017-08-24,132.96 ,133.46            ,131.98 ,-0.083               ,133.23,133.07   ,2046557 ,20170824,3        ,52 ,2.01763444361648  ,2.0110889575035045
2017-08-25,132.75 ,133.6             ,132.56 ,-0.158               ,133.3 ,132.96   ,2214424 ,20170825,4        ,53 ,1.9282384537460837,1.8815533605862145
2017-08-28,133.85 ,134.0             ,132.71 ,0.8290000000000001   ,133.15,132.75   ,2153921 ,20170828,0        ,54 ,1.8699082472474169,1.8026494516363796
2017-08-29,133.84 ,134.21            ,132.74 ,-0.006999999999999999,133.1 ,133.85   ,2122335 ,20170829,1        ,55 ,1.8333772929449919,1.7582815093746054
2017-08-30,133.8  ,134.24            ,133.48 ,-0.03                ,133.93,133.84   ,3225061 ,20170830,2        ,56 ,1.735369109621646 ,1.6251391237529027
2017-08-31,133.3  ,134.5             ,133.28 ,-0.374               ,134.2 ,133.8    ,4374710 ,20170831,3        ,57 ,1.6883304422696246,1.5711071440343363
2017-09-01,133.24 ,133.9             ,133.14 ,-0.045               ,133.84,133.3    ,2447352 ,20170901,4        ,58 ,1.6036307714266804,1.4629362233217607
2017-09-05,132.66 ,132.93            ,131.68 ,-0.435               ,132.84,133.24   ,2763396 ,20170905,1        ,59 ,1.6051237865804637,1.4838819706146276
2017-09-06,132.89 ,133.66            ,132.59 ,0.173                ,132.99,132.66   ,3652076 ,20170906,2        ,60 ,1.556330487452912 ,1.4286887776244295
2017-09-07,136.53 ,138.64            ,135.65 ,2.739                ,136.08,132.89   ,7268966 ,20170907,3        ,61 ,1.9595767818338419,2.0356153810732325
2017-09-08,137.22 ,137.74            ,136.06 ,0.505                ,136.22,136.53   ,4452115 ,20170908,4        ,62 ,2.222992512754081 ,2.410912273257652
2017-09-11,141.98 ,141.99            ,139.19 ,3.469                ,139.31,137.22   ,5457446 ,20170911,0        ,63 ,2.517927519125792 ,2.817500127602263
2017-09-12,142.4  ,143.48            ,141.82 ,0.29600000000000004  ,142.87,141.98   ,3774946 ,20170912,1        ,64 ,2.858811081275296 ,3.2765420129382212
2017-09-13,140.1  ,142.13            ,139.54 ,-1.615               ,142.02,142.4    ,3613454 ,20170913,2        ,65 ,2.8343283220312956,3.1849958355488015
2017-09-14,141.51 ,141.78            ,139.4  ,1.006                ,139.5 ,140.1    ,4178547 ,20170914,3        ,66 ,2.849414809676126 ,3.1603280328420444
2017-09-15,141.58 ,142.61            ,139.82 ,0.049                ,142.4 ,141.51   ,6152299 ,20170915,4        ,67 ,2.8440051750442104,3.1109480275710357
2017-09-18,141.54 ,141.6             ,140.54 ,-0.028               ,141.15,141.58   ,2843463 ,20170918,0        ,68 ,2.6815966755296636,2.837474207074728
2017-09-19,142.66 ,143.55            ,141.94 ,0.7909999999999999   ,142.04,141.54   ,4179040 ,20170919,1        ,69 ,2.616824051729622 ,2.7218058169510426
2017-09-20,142.24 ,143.07            ,141.42 ,-0.294               ,142.25,142.66   ,2749643 ,20170920,2        ,70 ,2.5288296643091575,2.5788928466624923
2017-09-21,141.75 ,142.16            ,141.19 ,-0.344               ,141.62,142.24   ,2834767 ,20170921,3        ,71 ,2.4324715862877926,2.431035510396568
2017-09-22,141.89 ,142.4             ,141.5  ,0.099                ,141.5 ,141.75   ,1859546 ,20170922,4        ,72 ,2.293023325367714 ,2.2268915111866168
2017-09-25,138.57 ,142.1             ,138.44 ,-2.34                ,142.07,141.89   ,5540302 ,20170925,0        ,73 ,2.417401500743398 ,2.417977454563313
2017-09-26,138.35 ,139.33            ,137.75 ,-0.159               ,139.0 ,138.57   ,200329  ,20170926,1        ,74 ,2.5741245844191156,2.647585471271228
2017-09-27,139.69 ,140.15            ,138.73 ,0.969                ,138.8 ,138.35   ,178745  ,20170927,2        ,75 ,2.483684980229551 ,2.5052380495598916
2017-09-28,140.14 ,140.185           ,138.85 ,0.322                ,139.35,139.69   ,183927  ,20170928,3        ,76 ,2.424675275337881 ,2.415871511458984
2017-09-29,141.17 ,141.69            ,140.45 ,0.735                ,140.78,140.14   ,130432  ,20170929,4        ,77 ,2.3860456133955803,2.360421188885988
2017-10-02,142.01 ,142.905           ,141.5  ,0.595                ,141.9 ,141.17   ,108437  ,20171002,0        ,78 ,2.420514522134666 ,2.4143656945123637
2017-10-03,143.01 ,143.17            ,141.7  ,0.7040000000000001   ,141.98,142.01   ,109122  ,20171003,1        ,79 ,2.3822672574399033,2.359116345729366
2017-10-04,142.13 ,142.81            ,141.32 ,-0.615               ,142.81,143.01   ,198140  ,20171004,2        ,80 ,2.301116036874827 ,2.243233094680232
2017-10-05,143.74 ,143.77            ,142.45 ,1.133                ,142.49,142.13   ,134880  ,20171005,3        ,81 ,2.2118876698645575,2.1201343621589523
2017-10-06,143.49 ,143.77            ,142.78 ,-0.174               ,143.51,143.74   ,172538  ,20171006,4        ,82 ,2.159878805818639 ,2.0561160025442002
2017-10-09,144.53 ,145.18            ,144.02 ,0.725                ,144.03,143.49   ,128223  ,20171009,0        ,83 ,2.094413449411886 ,1.9739667076897414
2017-10-10,145.58 ,146.35            ,144.84 ,0.726                ,145.0 ,144.53   ,153047  ,20171010,1        ,84 ,2.1640333302647323,2.0921050963358088
2017-10-11,146.815,147.08            ,145.72 ,0.848                ,145.85,145.58   ,3341856 ,20171011,2        ,85 ,2.1991308810999683,2.153158026206922
2017-10-12,146.66 ,148.14            ,146.46 ,-0.106               ,147.04,146.815  ,3226234 ,20171012,3        ,86 ,2.2319453852121045,2.2074038352808625
2017-10-13,147.35 ,148.4             ,147.305,0.47                 ,147.47,146.66   ,2337347 ,20171013,4        ,87 ,2.173118771066119 ,2.124416375407278
2017-10-16,146.19 ,148.0             ,145.21 ,-0.787               ,148.0 ,147.35   ,2590059 ,20171016,0        ,88 ,2.2292104959315093,2.213161119889777
2017-10-17,145.85 ,146.43            ,145.53 ,-0.233               ,146.32,146.19   ,3002445 ,20171017,1        ,89 ,2.1920025385940556,2.160739503517061
2017-10-18,146.19 ,146.72            ,145.75 ,0.233                ,145.75,145.85   ,2526345 ,20171018,2        ,90 ,2.080892387090257 ,2.0019738853896736
2017-10-19,144.945,146.12            ,144.66 ,-0.852               ,145.64,146.19   ,4169928 ,20171019,3        ,91 ,2.024438843219109 ,1.9297105622154571
2017-10-20,145.375,145.68            ,144.59 ,0.297                ,145.57,144.945  ,3547286 ,20171020,4        ,92 ,1.985848036707619 ,1.8857490809210489
2017-10-23,145.55 ,146.44            ,145.31 ,0.12                 ,146.12,145.375  ,2514509 ,20171023,0        ,93 ,1.9412197507449114,1.8336491284868641
2017-10-24,145.8  ,146.49            ,145.35 ,0.172                ,146.19,145.55   ,2900340 ,20171024,1        ,94 ,1.8683730781551116,1.741162462669193
2017-10-25,146.24 ,146.98            ,145.21 ,0.302                ,146.5 ,145.8    ,3439600 ,20171025,2        ,95 ,1.8594291208130842,1.7450074718028494
2017-10-26,146.59 ,147.365           ,146.35 ,0.239                ,147.0 ,146.24   ,2574878 ,20171026,3        ,96 ,1.832660251632434 ,1.7210064530779958
2017-10-27,148.52 ,148.52            ,146.06 ,1.317                ,146.83,146.59   ,3491886 ,20171027,4        ,97 ,1.8896961458567685,1.819539005999989
2017-10-30,148.95 ,151.48            ,148.58 ,0.29                 ,151.3 ,148.52   ,6555734 ,20171030,0        ,98 ,2.1624728153457005,2.228934093271196
2017-10-31,148.77 ,152.0             ,146.15 ,-0.121               ,150.63,148.95   ,7613691 ,20171031,1        ,99 ,2.4977268873569263,2.711743175266864
2017-11-01,148.89 ,151.49            ,148.78 ,0.081                ,149.95,148.77   ,4531690 ,20171101,2        ,100,2.51702571617296  ,2.7115107517751094
2017-11-02,148.25 ,149.21            ,147.47 ,-0.43                ,148.33,148.89   ,3883582 ,20171102,3        ,101,2.4463827781280036,2.5819759255382504
2017-11-03,149.29 ,149.36            ,147.71 ,0.7020000000000001   ,148.41,148.25   ,2338707 ,20171103,4        ,102,2.373980396396861 ,2.457712419470034
2017-11-06,150.09 ,150.46            ,148.96 ,0.536                ,149.21,149.29   ,3142946 ,20171106,0        ,103,2.3590723487405727,2.4246840855107337
2017-11-07,149.97 ,150.475           ,148.92 ,-0.08                ,150.31,150.09   ,2683446 ,20171107,1        ,104,2.2859715687457016,2.3087261728670008
2017-11-08,149.97 ,150.24            ,148.2  ,0.0                  ,149.47,149.97   ,3786823 ,20171108,2        ,105,2.2636096010628197,2.2728960072255955
2017-11-09,149.29 ,149.87            ,147.59 ,-0.453               ,149.27,149.97   ,2716816 ,20171109,3        ,106,2.2741909404453406,2.28717654279381
2017-11-10,149.54 ,149.76            ,148.71 ,0.16699999999999998  ,149.0 ,149.29   ,1795938 ,20171110,4        ,107,2.1819886427682844,2.1502196438379375
2017-11-13,149.69 ,150.2             ,148.74 ,0.1                  ,148.76,149.54   ,1750469 ,20171113,0        ,108,2.1163512916215077,2.0581903425116885
2017-11-14,149.95 ,150.49            ,149.05 ,0.174                ,149.28,149.69   ,3062900 ,20171114,1        ,109,2.0548630902957754,1.9757649514932623
2017-11-15,148.33 ,149.51            ,148.1  ,-1.08                ,149.37,149.95   ,3058093 ,20171115,2        ,110,2.0126017344912035,1.9243296181285336
2017-11-16,150.33 ,150.54            ,148.6  ,1.348                ,149.0 ,148.33   ,2715352 ,20171116,3        ,111,2.0060014241999657,1.9264190026068606
2017-11-17,149.02 ,149.52            ,148.28 ,-0.871               ,149.33,150.33   ,3186417 ,20171117,4        ,112,1.9363634673217016,1.8348964602400515
2017-11-20,149.56 ,150.29            ,149.226,0.362                ,149.36,149.02   ,2048695 ,20171120,0        ,113,1.8606926152207814,1.7374435908591643
2017-11-21,152.51 ,152.63            ,149.93 ,1.972                ,149.97,149.56   ,3998960 ,20171121,1        ,114,2.01972332191826  ,1.9871177965423283
2017-11-22,151.25 ,152.55            ,150.95 ,-0.826               ,152.41,152.51   ,2658577 ,20171122,2        ,115,2.107931685675967 ,2.120835431930998
2017-11-24,152.74 ,153.0             ,151.2  ,0.985                ,151.4 ,151.25   ,1577489 ,20171124,4        ,116,2.079937494163732 ,2.0780573720497753
2017-11-27,152.98 ,153.92            ,152.77 ,0.157                ,153.0 ,152.74   ,167877  ,20171127,0        ,117,2.1335802402715376,2.1569830594388666
2017-11-28,154.19 ,154.65            ,153.36 ,0.7909999999999999   ,153.51,152.98   ,3874506 ,20171128,1        ,118,2.113254522717062 ,2.124051983522657
2017-11-29,148.35 ,154.47            ,145.28 ,-3.788               ,154.35,154.19   ,7216992 ,20171129,2        ,119,2.7566019600747977,3.066178418556402
2017-11-30,150.47 ,151.17            ,148.21 ,1.429                ,149.32,148.35   ,6943713 ,20171130,3        ,120,3.049641019018611 ,3.4546879744844756
2017-12-01,149.69 ,150.99            ,147.35 ,-0.518               ,150.4 ,150.47   ,3932964 ,20171201,4        ,121,3.1033104957211535,3.4793962452000553
2017-12-04,143.43 ,150.59            ,143.38 ,-4.182               ,149.92,149.69   ,7490097 ,20171204,0        ,122,3.476648930737769 ,3.9768100904590002
2017-12-05,145.13 ,146.32            ,140.61 ,1.185                ,143.7 ,143.43   ,6807147 ,20171205,1        ,123,3.9860482353750175,4.6572354251106365
2017-12-06,147.42 ,148.07            ,144.62 ,1.578                ,145.07,145.13   ,3751988 ,20171206,2        ,124,4.045498793967083 ,4.654937368390054
2017-12-07,149.45 ,150.41            ,147.51 ,1.3769999999999998   ,147.51,147.42   ,3417928 ,20171207,3        ,125,4.157726859652163 ,4.738279053835623
2017-12-08,149.89 ,150.44            ,149.17 ,0.294                ,150.42,149.45   ,2521530 ,20171208,4        ,126,4.054296572636715 ,4.509175177058301
2017-12-11,150.88 ,151.25            ,150.1  ,0.66                 ,150.22,149.89   ,3394826 ,20171211,0        ,127,3.8493594893457175,4.147951816109971
2017-12-12,152.5  ,153.73            ,150.61 ,1.074                ,150.83,150.88   ,3360260 ,20171212,1        ,128,3.8485086227856367,4.106891573567207
2017-12-13,151.69 ,153.44            ,151.66 ,-0.531               ,152.5 ,152.5    ,3618746 ,20171213,2        ,129,3.7313709881268595,3.9006393620396587
2017-12-14,151.93 ,153.55            ,151.78 ,0.158                ,151.92,151.69   ,3016709 ,20171214,3        ,130,3.553063860556714 ,3.6165541117161992
2017-12-15,153.4  ,153.62            ,150.86 ,0.968                ,152.65,151.93   ,5067327 ,20171215,4        ,131,3.4809668981713613,3.502346896105929
2017-12-18,153.12 ,154.65            ,153.06 ,-0.183               ,154.14,153.4    ,3531525 ,20171218,0        ,132,3.4117878731006384,3.3980339760593337
2017-12-19,151.68 ,153.16            ,151.43 ,-0.94                ,152.96,153.12   ,2712715 ,20171219,1        ,133,3.280715875975823 ,3.2076294450230214
2017-12-20,151.45 ,152.73            ,151.04 ,-0.152               ,152.51,151.68   ,1992474 ,20171220,2        ,134,3.171559605388967 ,3.057278851740742
2017-12-21,150.53 ,152.23            ,150.43 ,-0.607               ,151.45,151.45   ,2789037 ,20171221,3        ,135,3.0468720758387144,2.8896416709167316
2017-12-22,150.85 ,151.52            ,150.31 ,0.213                ,150.94,150.53   ,1892261 ,20171222,4        ,136,2.8798833489476463,2.6656894474425172
2017-12-26,151.28 ,151.34            ,149.89 ,0.285                ,150.58,150.85   ,1201455 ,20171226,1        ,137,2.749893701404373 ,2.503597520686968
2017-12-27,151.4  ,151.78            ,151.1  ,0.079                ,151.56,151.28   ,1730213 ,20171227,2        ,138,2.5844485276682083,2.2937845174464515
2017-12-28,151.77 ,152.62            ,151.2  ,0.244                ,151.86,151.4    ,1570632 ,20171228,3        ,139,2.4785894008798968,2.177279914888181
2017-12-29,151.36 ,152.9             ,151.36 ,-0.27                ,152.21,151.77   ,2258823 ,20171229,4        ,140,2.393262967339182 ,2.0923092594230615
2018-01-02,151.91 ,153.41            ,151.12 ,0.363                ,152.01,151.36   ,3168914 ,20180102,1        ,141,2.383875412414637 ,2.1186680248727576
2018-01-03,153.82 ,153.98            ,152.16 ,1.005                ,152.29,152.29   ,3732423 ,20180103,2        ,142,2.4053413098713126,2.185512288309732
2018-01-04,155.81 ,157.4             ,154.32 ,1.294                ,154.54,153.82   ,3247237 ,20180104,3        ,143,2.65121964187137  ,2.5754439836399836
2018-01-05,159.04 ,159.04            ,156.19 ,2.073                ,156.2 ,155.81   ,2747716 ,20180105,4        ,144,2.884745361459205 ,2.9280514528314208
2018-01-08,159.27 ,160.48            ,158.08 ,0.145                ,158.58,159.04   ,3143063 ,20180108,0        ,145,3.0470413845746402,3.160311259316615
2018-01-09,159.5  ,160.11            ,158.54 ,0.14400000000000002  ,159.65,159.27   ,2573864 ,20180109,1        ,146,2.9127647845899034,2.948269757919279
2018-01-10,159.85 ,159.97            ,157.62 ,0.219                ,159.01,159.5    ,115597  ,20180110,2        ,147,2.8616043113608245,2.8685004568127983
2018-01-11,160.92 ,161.13            ,159.44 ,0.669                ,160.1 ,159.85   ,2803968 ,20180111,3        ,148,2.7550947560865113,2.7113670624847477
2018-01-12,162.33 ,162.52            ,160.25 ,0.8759999999999999   ,161.5 ,160.92   ,3041005 ,20180112,4        ,149,2.7473588643875764,2.70585145415082
2018-01-16,162.29 ,163.94            ,161.31 ,-0.025               ,163.64,162.33   ,4673402 ,20180116,1        ,150,2.772144436098997 ,2.7477379269479996
2018-01-17,164.32 ,164.5             ,162.88 ,1.251                ,163.12,162.29   ,3135967 ,20180117,2        ,151,2.717404004851931 ,2.670706203327377
2018-01-18,165.48 ,165.98            ,164.11 ,0.706                ,164.83,164.32   ,4150590 ,20180118,3        ,152,2.8058218636564645,2.8066120429258543
2018-01-19,166.83 ,166.95            ,165.16 ,0.816                ,166.3 ,165.48   ,2947790 ,20180119,4        ,153,2.7898380511210186,2.7830637705294134
2018-01-22,168.28 ,168.33            ,166.29 ,0.8690000000000001   ,166.58,166.83   ,2275936 ,20180122,0        ,154,2.7953073213001733,2.791988601127573
2018-01-23,167.19 ,168.95            ,166.65 ,-0.648               ,168.5 ,168.28   ,3035266 ,20180123,1        ,155,2.7502793672884507,2.72639012096399
2018-01-24,167.01 ,168.1             ,165.95 ,-0.108               ,167.94,167.19   ,3912415 ,20180124,2        ,156,2.7120721399606555,2.67353810482622
2018-01-25,168.59 ,168.93            ,167.13 ,0.946                ,168.01,167.01   ,2088934 ,20180125,3        ,157,2.6291564669626197,2.557066357498404
2018-01-26,170.34 ,170.36            ,168.79 ,1.038                ,169.01,168.59   ,2191639 ,20180126,4        ,158,2.6946877144182806,2.6627908431791676
2018-01-29,168.55 ,170.81            ,168.29 ,-1.051               ,170.12,170.34   ,3082788 ,20180129,0        ,159,2.678807009322753 ,2.6437520640864456
2018-01-30,167.19 ,168.0             ,166.3  ,-0.807               ,167.41,168.55   ,4227133 ,20180130,1        ,160,2.8025518534675435,2.829918455559958
2018-01-31,169.0  ,169.67            ,167.02 ,1.083                ,167.51,167.19   ,5815258 ,20180131,2        ,161,2.7886835004207553,2.805929328149909
2018-02-01,172.93 ,176.715           ,171.0  ,2.325                ,172.51,169.0    ,6848449 ,20180201,3        ,162,3.4010760191268354,3.7018054177963133
2018-02-02,170.55 ,177.11            ,170.42 ,-1.376               ,171.9 ,172.93   ,6556476 ,20180202,4        ,163,3.8291600870713296,4.289564695461222
2018-02-05,164.59 ,171.96            ,164.01 ,-3.495               ,167.37,170.55   ,7195970 ,20180205,0        ,164,4.291963784005702 ,4.906956069434096
2018-02-06,169.28 ,169.36            ,156.8  ,2.85                 ,160.5 ,164.59   ,7259895 ,20180206,1        ,165,5.151785373857507 ,6.08602859356644
2018-02-07,168.73 ,172.61            ,167.45 ,-0.325               ,169.0 ,169.28   ,4364793 ,20180207,2        ,166,5.412532189941252 ,6.343891447768357
2018-02-08,160.62 ,169.24            ,160.46 ,-4.806               ,168.77,168.73   ,6557705 ,20180208,3        ,167,5.722302025296072 ,6.6740392547445415
2018-02-09,165.2  ,166.49            ,158.565,2.8510000000000004   ,161.67,160.62   ,6302992 ,20180209,4        ,168,6.126183700181695 ,7.139500687459886
2018-02-12,167.89 ,168.79            ,165.58 ,1.628                ,166.95,165.2    ,267071  ,20180212,0        ,169,6.311985199055683 ,7.276900595802302
2018-02-13,170.12 ,170.77            ,167.01 ,1.328                ,167.33,167.89   ,3471021 ,20180213,1        ,170,6.244531993507058 ,7.0493138496899626
2018-02-14,172.52 ,172.66            ,169.0  ,1.411                ,169.36,170.12   ,4203662 ,20180214,2        ,171,6.110483620281618 ,6.745405336391752
2018-02-15,174.69 ,174.7             ,171.36 ,1.258                ,173.95,172.52   ,3915012 ,20180215,3        ,172,5.971348736105466 ,6.45668462486773
2018-02-16,175.65 ,176.67            ,174.14 ,0.55                 ,174.35,174.69   ,4213141 ,20180216,4        ,173,5.805771567886309 ,6.149126674880633
2018-02-20,175.35 ,176.43            ,174.04 ,-0.171               ,174.88,175.65   ,3750105 ,20180220,1        ,174,5.495246862180214 ,5.6479097848898805
2018-02-21,172.32 ,176.35            ,172.28 ,-1.7280000000000002  ,175.35,175.35   ,5999480 ,20180221,2        ,175,5.365678958898135 ,5.437521813568802
2018-02-22,172.95 ,173.83            ,170.8  ,0.366                ,173.34,172.32   ,5605771 ,20180222,3        ,176,5.291526322774634 ,5.319185571758451
2018-02-23,175.76 ,175.78            ,172.49 ,1.625                ,173.9 ,172.95   ,3093816 ,20180223,4        ,177,5.125023922658002 ,5.0712941621885
2018-02-26,177.87 ,178.14            ,176.06 ,1.2009999999999998   ,176.5 ,175.76   ,4088074 ,20180226,0        ,178,5.130930839010181 ,5.087121607230149
2018-02-27,175.93 ,179.17            ,175.93 ,-1.091               ,177.72,177.87   ,3815927 ,20180227,1        ,179,4.974482575376071 ,4.863505392931328
2018-02-28,175.76 ,178.97            ,175.75 ,-0.097               ,176.29,175.93   ,4145673 ,20180228,2        ,180,4.814984154296138 ,4.644371340539249
2018-03-01,173.49 ,177.35            ,172.15 ,-1.2919999999999998  ,176.35,175.76   ,4658478 ,20180301,3        ,181,4.849985595839417 ,4.718455161801043
2018-03-02,175.02 ,175.33            ,169.27 ,0.882                ,171.56,173.49   ,4190095 ,20180302,4        ,182,4.999077818367674 ,4.954661140228576
2018-03-05,178.53 ,179.27            ,172.91 ,2.005                ,174.13,175.02   ,4826505 ,20180305,0        ,183,5.122798019691437 ,5.142039654865455
2018-03-06,177.53 ,180.09            ,176.95 ,-0.56                ,179.18,178.53   ,3820901 ,20180306,1        ,184,5.117998199613904 ,5.1324343675500215
2018-03-07,179.21 ,179.71            ,175.55 ,0.946                ,175.76,177.53   ,2766055 ,20180307,2        ,185,5.030907452452921 ,5.002776451876327
2018-03-08,179.25 ,179.89            ,177.56 ,0.022                ,179.35,179.21   ,2235312 ,20180308,3        ,186,4.788097679634092 ,4.650406258291973
2018-03-09,183.24 ,183.33            ,179.97 ,2.226                ,180.25,179.25   ,4168940 ,20180309,4        ,187,4.7273615259363355,4.57968542385289
2018-03-12,181.96 ,183.0             ,181.74 ,-0.6990000000000001  ,182.84,183.24   ,103195  ,20180312,0        ,188,4.6385104767890475,4.469060700672298
2018-03-13,181.01 ,183.73            ,180.15 ,-0.522               ,183.47,181.96   ,3286588 ,20180313,1        ,189,4.5422822503121125,4.350519273915805
2018-03-14,180.12 ,182.0             ,179.62 ,-0.4920000000000001  ,181.99,181.01   ,2820698 ,20180314,2        ,190,4.3457111342066606,4.087783370726676
2018-03-15,180.95 ,182.17            ,180.02 ,0.461                ,180.57,180.12   ,2258178 ,20180315,3        ,191,4.1461010288438285,3.829412254629481
2018-03-16,182.55 ,183.17            ,181.01 ,0.884                ,181.01,180.95   ,4604968 ,20180316,4        ,192,4.046455479744595 ,3.7254906206787686
2018-03-19,179.59 ,182.17            ,179.19 ,-1.621               ,181.94,182.55   ,129266  ,20180319,0        ,193,3.9495049806815765,3.6260918712548444
2018-03-20,182.51 ,183.25            ,181.22 ,1.626                ,181.31,179.59   ,2859315 ,20180320,1        ,194,3.7750045264124745,3.413279621754037
2018-03-21,183.21 ,183.32            ,181.91 ,0.384                ,182.92,182.51   ,117295  ,20180321,2        ,195,3.7709132057979793,3.455509005520192
2018-03-22,175.52 ,180.26            ,175.11 ,-4.197               ,179.2 ,183.21   ,4387283 ,20180322,3        ,196,4.100830189401384 ,3.9814411381178045
2018-03-23,171.83 ,177.79            ,171.66 ,-2.102               ,176.18,175.52   ,4324061 ,20180323,4        ,197,4.778027449225181 ,4.990582319702602
2018-03-26,177.17 ,177.47            ,173.06 ,3.108                ,175.33,171.83   ,5470147 ,20180326,0        ,198,4.7445704081927325,4.913171343742221
2018-03-27,172.52 ,178.5             ,170.97 ,-2.625               ,178.36,177.17   ,5069105 ,20180327,1        ,199,4.997791281508618 ,5.262081831243387
2018-03-28,170.35 ,172.93            ,168.55 ,-1.258               ,172.25,172.52   ,5166602 ,20180328,2        ,200,5.327082984765995 ,5.70980425374441
2018-03-29,175.16 ,176.66            ,170.82 ,2.824                ,171.72,170.35   ,3719229 ,20180329,3        ,201,5.373711804535646 ,5.727163686578494
2018-04-02,171.6  ,175.77            ,169.04 ,-2.032               ,174.64,175.16   ,4222361 ,20180402,0        ,202,5.497010731883846 ,5.860875195034729
2018-04-03,172.47 ,172.89            ,169.81 ,0.507                ,172.36,171.6    ,3612644 ,20180403,1        ,203,5.483646119846343 ,5.792758502363425
2018-04-04,173.69 ,174.01            ,167.94 ,0.7070000000000001   ,169.18,172.47   ,4628330 ,20180404,2        ,204,5.536951018216417 ,5.82972403538164
2018-04-05,175.85 ,177.41            ,174.63 ,1.244                ,175.25,173.69   ,206637  ,20180405,3        ,205,5.482682743671794 ,5.711094163997395
2018-04-06,169.7  ,175.15            ,168.96 ,-3.497               ,173.37,175.85   ,5005487 ,20180406,4        ,206,5.546984312602658 ,5.774948275464418
2018-04-09,170.34 ,174.09            ,170.14 ,0.377                ,171.27,169.7    ,3910687 ,20180409,0        ,207,5.561803920584278 ,5.7662885054025
2018-04-10,174.72 ,175.45            ,172.02 ,2.571                ,173.14,170.34   ,3461490 ,20180410,1        ,208,5.578912655114822 ,5.764116704682162
2018-04-11,172.36 ,175.58            ,172.22 ,-1.351               ,173.6 ,174.72   ,166953  ,20180411,2        ,209,5.548102413678195 ,5.694234477391198
2018-04-12,174.8  ,176.48            ,173.16 ,1.416                ,173.33,172.36   ,3065620 ,20180412,3        ,210,5.345547648424518 ,5.377669880405681
2018-04-13,174.27 ,176.1             ,172.7  ,-0.303               ,176.0 ,174.8    ,3059947 ,20180413,4        ,211,5.199588771050114 ,5.1593138963515655
2018-04-16,173.87 ,176.1             ,172.97 ,-0.23                ,175.62,174.27   ,4668552 ,20180416,0        ,212,5.011444337031307 ,4.88873871017134
2018-04-17,178.33 ,179.11            ,174.72 ,2.565                ,175.87,173.87   ,228060  ,20180417,1        ,213,4.995858488188662 ,4.882240215481821
2018-04-18,179.41 ,179.75            ,177.17 ,0.606                ,178.76,178.33   ,133082  ,20180418,2        ,214,5.076234989363736 ,5.015274853417576
2018-04-19,179.01 ,179.575           ,178.26 ,-0.223               ,179.08,179.41   ,3560370 ,20180419,3        ,215,4.734304535393366 ,4.521904872961881
2018-04-20,177.08 ,179.49            ,176.5  ,-1.078               ,178.53,179.01   ,4232997 ,20180420,4        ,216,4.575731395646949 ,4.317650889900292
2018-04-23,175.43 ,178.35            ,174.7  ,-0.932               ,178.16,177.08   ,4354972 ,20180423,0        ,217,4.5515739960198065,4.316630771246927
2018-04-24,173.24 ,177.55            ,171.19 ,-1.248               ,176.68,175.43   ,5369033 ,20180424,1        ,218,4.715976360159558 ,4.5890800017473445
2018-04-25,172.47 ,173.87            ,170.65 ,-0.444               ,173.37,173.24   ,3396159 ,20180425,2        ,219,4.7217966910586995,4.614536001514366
2018-04-26,178.16 ,179.63            ,174.22 ,3.299                ,174.52,172.47   ,4784371 ,20180426,3        ,220,4.873451537433997 ,4.851264534645779
2018-04-27,175.94 ,179.0             ,175.18 ,-1.246               ,178.54,178.16   ,3781015 ,20180427,4        ,221,5.0240468523101365,5.075095930026338
2018-04-30,178.27 ,180.0             ,177.1  ,1.324                ,177.49,175.94   ,4323904 ,20180430,0        ,222,4.830951683804752 ,4.785083139356156
2018-05-01,180.25 ,180.36            ,176.91 ,1.111                ,178.27,178.27   ,4828329 ,20180501,1        ,223,4.793592439802525 ,4.736405387441996
2018-05-02,185.82 ,188.25            ,183.12 ,3.09                 ,186.2 ,180.25   ,10133050,20180502,2        ,224,5.265084036413258 ,5.435551335783062
2018-05-03,186.48 ,187.89            ,183.94 ,0.355                ,184.6 ,185.82   ,5785667 ,20180503,3        ,225,5.480985487743799 ,5.7294778243453095
2018-05-04,188.17 ,188.79            ,185.11 ,0.906                ,185.79,186.48   ,3593638 ,20180504,4        ,226,5.31725953424678  ,5.456214114432597
2018-05-07,189.1  ,189.52            ,187.63 ,0.494                ,188.3 ,188.17   ,4077299 ,20180507,0        ,227,5.110235940148748 ,5.134052232508244
2018-05-08,190.53 ,190.66            ,188.02 ,0.7559999999999999   ,188.89,189.1    ,3396449 ,20180508,1        ,228,4.885669036424315 ,4.801511934840475
2018-05-09,190.63 ,191.68            ,189.0  ,0.052000000000000005 ,190.51,190.53   ,2933853 ,20180509,2        ,229,4.68515366941614  ,4.518643676861744
2018-05-10,193.05 ,193.72            ,190.94 ,1.269                ,191.04,190.63   ,2821213 ,20180510,3        ,230,4.549230608522835 ,4.341491186613507
2018-05-11,193.35 ,194.09            ,192.04 ,0.155                ,193.0 ,193.05   ,3301734 ,20180511,4        ,231,4.4502096440869705,4.22395902839837
2018-05-14,192.12 ,194.72            ,191.585,-0.636               ,193.5 ,193.35   ,2877238 ,20180514,0        ,232,4.330645130961045 ,4.078764491278585
2018-05-15,192.0  ,192.195           ,190.15 ,-0.062               ,191.01,192.12   ,2747497 ,20180515,1        ,233,4.227859209943402 ,3.961595892441443
2018-05-16,192.38 ,192.91            ,191.435,0.198                ,192.69,192.0    ,2109329 ,20180516,2        ,234,3.9775992817198347,3.630049773449249
2018-05-17,191.2  ,192.44            ,190.59 ,-0.613               ,192.05,192.38   ,2378266 ,20180517,3        ,235,3.7841811651669017,3.3927098036560146
2018-05-18,190.4  ,192.09            ,190.39 ,-0.418               ,191.62,191.2    ,4208500 ,20180518,4        ,236,3.621073786490113 ,3.2056818298352208
2018-05-21,191.2  ,192.83            ,190.01 ,0.42                 ,191.5 ,190.4    ,2632599 ,20180521,0        ,237,3.548248896798943 ,3.154257585857194
2018-05-22,191.62 ,192.64            ,190.84 ,0.22                 ,191.18,191.2    ,2615443 ,20180522,1        ,238,3.4293171788929024,3.0323565744095577
2018-05-23,192.99 ,193.0             ,190.3  ,0.715                ,190.74,191.62   ,2529942 ,20180523,2        ,239,3.3630156171676506,2.988042364488282
2018-05-24,191.91 ,193.4             ,190.0  ,-0.56                ,192.91,192.99   ,2912888 ,20180524,3        ,240,3.3663778337891292,3.0429700492231784
2018-05-25,191.17 ,191.89            ,189.72 ,-0.386               ,191.75,191.91   ,2459577 ,20180525,4        ,241,3.3576162125347357,3.0732407093267637
2018-05-29,189.53 ,190.49            ,186.6  ,-0.858               ,190.25,191.17   ,4544996 ,20180529,1        ,242,3.5351056477743685,3.371475281416533
2018-05-30,191.76 ,191.93            ,189.895,1.177                ,190.43,189.53   ,2764225 ,20180530,2        ,243,3.3987324070567704,3.1932785772276615
2018-05-31,190.12 ,192.44            ,189.82 ,-0.855               ,191.89,191.76   ,4641376 ,20180531,3        ,244,3.3543021882302178,3.1555081002639724
2018-06-01,195.37 ,195.37            ,191.9  ,2.761                ,192.03,190.12   ,4194886 ,20180601,4        ,245,3.3775474438471753,3.2161070202287703
2018-06-04,197.73 ,198.11            ,195.23 ,1.208                ,195.94,195.37   ,3917154 ,20180604,0        ,246,3.796861312613372 ,3.8526260841982616
2018-06-05,199.4  ,199.61            ,197.92 ,0.845                ,198.47,197.73   ,147297  ,20180605,1        ,247,3.837146647832523 ,3.9042759396384907
2018-06-06,203.21 ,203.29            ,199.77 ,1.911                ,199.86,199.4    ,3233139 ,20180606,2        ,248,3.9937696798554714,4.125039147686684
2018-06-07,199.54 ,204.0             ,198.3  ,-1.806               ,203.38,203.21   ,4084120 ,20180607,3        ,249,4.148881527148294 ,4.335033927995124
2018-06-08,200.04 ,200.53            ,199.0  ,0.251                ,199.2 ,199.54   ,2296722 ,20180608,4        ,250,4.154437751953225 ,4.31836273759578
2018-06-11,198.49 ,201.0             ,198.26 ,-0.775               ,200.61,200.04   ,2616880 ,20180611,0        ,251,4.025852501770893 ,4.10791437258301
2018-06-12,200.13 ,200.15            ,198.19 ,0.826                ,199.12,198.49   ,2660497 ,20180612,1        ,252,3.838047728876301 ,3.8215257895719428
2018-06-13,199.41 ,201.62            ,199.21 ,-0.36                ,200.63,200.13   ,2686503 ,20180613,2        ,253,3.773679753521933 ,3.729322350962342
2018-06-14,199.23 ,201.35            ,199.055,-0.09                ,200.25,199.41   ,135324  ,20180614,3        ,254,3.6392543213798296,3.538079370834028
2018-06-15,199.53 ,199.67            ,197.57 ,0.151                ,198.55,199.23   ,4162059 ,20180615,4        ,255,3.499322110341756 ,3.3463354547228232
2018-06-18,201.13 ,201.45            ,197.41 ,0.802                ,197.64,199.53   ,2081250 ,20180618,0        ,256,3.5484746457663636,3.438824060759779
2018-06-19,199.69 ,199.93            ,197.27 ,-0.716               ,198.46,201.13   ,2666212 ,20180619,1        ,257,3.467704223422276 ,3.3349808526584748
2018-06-20,201.54 ,203.46            ,200.25 ,0.926                ,200.5 ,199.69   ,3898620 ,20180620,2        ,258,3.444276566747079 ,3.318316738970679
2018-06-21,201.87 ,203.47            ,200.05 ,0.16399999999999998  ,201.71,201.54   ,167386  ,20180621,3        ,259,3.4747968788615062,3.379874507107918
2018-06-22,201.48 ,201.87            ,199.61 ,-0.193               ,201.57,201.87   ,3126427 ,20180622,4        ,260,3.364360798963269 ,3.230557906160194
2018-06-25,194.98 ,200.44            ,193.709,-3.2260000000000004  ,200.39,201.48   ,4780595 ,20180625,0        ,261,3.8004189081546618,3.887950185338839
2018-06-26,196.46 ,198.66            ,195.76 ,0.759                ,196.18,194.98   ,4271256 ,20180626,1        ,262,3.9749262801428737,4.132223493960335
2018-06-27,193.18 ,198.2             ,193.16 ,-1.67                ,197.46,196.46   ,3233318 ,20180627,2        ,263,4.0717511637673915,4.2532603614322895
2018-06-28,197.1  ,197.75            ,193.205,2.029                ,193.46,193.18   ,2621260 ,20180628,3        ,264,4.1147737852435435,4.292158979907983
2018-06-29,196.52 ,198.31            ,196.18 ,-0.294               ,198.2 ,197.1    ,3007119 ,20180629,4        ,265,4.2070670774950285,4.403871115920247
2018-07-02,197.67 ,197.97            ,194.75 ,0.585                ,195.74,196.52   ,3018389 ,20180702,0        ,266,4.117333706812866 ,4.246021633797548
2018-07-03,196.27 ,198.41            ,196.16 ,-0.708               ,198.41,197.67   ,69349   ,20180703,1        ,267,3.947576097101236 ,3.9798854159578747
2018-07-05,198.87 ,198.96            ,197.15 ,1.325                ,198.0 ,196.27   ,3101894 ,20180705,3        ,268,3.753250997363335 ,3.690567360496825
2018-07-06,199.52 ,200.26            ,197.48 ,0.327                ,198.11,198.87   ,2050441 ,20180706,4        ,269,3.774773633966805 ,3.7304917124305716
2018-07-09,200.93 ,201.59            ,199.25 ,0.7070000000000001   ,200.8 ,199.52   ,2377291 ,20180709,0        ,270,3.6788851217874203,3.5957594841064915
2018-07-10,201.52 ,202.75            ,200.12 ,0.294                ,201.34,200.93   ,2265050 ,20180710,1        ,271,3.638077383442879 ,3.5469915528922833
2018-07-11,203.84 ,204.15            ,200.25 ,1.151                ,200.47,201.52   ,2827923 ,20180711,2        ,272,3.6618885304027367,3.59405934583998
2018-07-12,207.78 ,209.19            ,204.75 ,1.933                ,205.0 ,203.84   ,3970755 ,20180712,3        ,273,4.026262300367778 ,4.1375180997279735
2018-07-13,205.91 ,207.525           ,203.44 ,-0.9                 ,207.1 ,207.78   ,2590884 ,20180713,4        ,274,4.031602091243457 ,4.130515686430911
2018-07-16,204.08 ,206.0             ,203.76 ,-0.889               ,205.62,205.91   ,2955000 ,20180716,0        ,275,4.030547355675872 ,4.115780261573465
2018-07-17,206.37 ,206.695           ,201.63 ,1.122                ,203.0 ,204.08   ,2918958 ,20180717,1        ,276,4.124588505160205 ,4.242342893363669
2018-07-18,208.36 ,208.38            ,205.38 ,0.964                ,206.65,206.37   ,3595403 ,20180718,2        ,277,4.140535004691139 ,4.250030507581837
2018-07-19,206.06 ,208.71            ,205.76 ,-1.104               ,208.36,208.36   ,2264582 ,20180719,3        ,278,4.032304549718913 ,4.076693106570927
2018-07-20,206.71 ,207.35            ,206.18 ,0.315                ,206.19,206.06   ,2802493 ,20180720,4        ,279,3.863913227016767 ,3.8238006923614787
2018-07-23,207.84 ,207.96            ,205.65 ,0.547                ,206.7 ,206.71   ,2717851 ,20180723,0        ,280,3.7226483881967307,3.621960600046615
2018-07-24,209.58 ,210.4             ,208.31 ,0.8370000000000001   ,208.74,207.84   ,3509118 ,20180724,1        ,281,3.7196803529061073,3.631032520040392
2018-07-25,214.16 ,214.28            ,209.65 ,2.185                ,210.0 ,209.58   ,4997674 ,20180725,2        ,282,3.9669821390060243,4.005561517368331
2018-07-26,207.37 ,211.8             ,204.56 ,-3.1710000000000003  ,210.15,214.16   ,7279878 ,20180726,3        ,283,4.264529217278727 ,4.436819981719221
2018-07-27,202.94 ,211.75            ,201.22 ,-2.136               ,211.69,207.37   ,4913918 ,20180727,4        ,284,5.053208379345562 ,5.570577317489999
2018-07-30,197.87 ,203.33            ,196.2  ,-2.498               ,202.95,202.94   ,5939269 ,20180730,0        ,285,5.609280344860412 ,6.317167008491339
2018-07-31,198.0  ,200.62            ,196.23 ,0.066                ,199.02,197.87   ,4416599 ,20180731,1        ,286,5.709345768055056 ,6.369544740692498
2018-08-01,201.2  ,201.36            ,198.35 ,1.616                ,199.27,198.0    ,4614189 ,20180801,2        ,287,5.507587061867989 ,5.985605441933496
2018-08-02,202.01 ,202.19            ,197.87 ,0.403                ,199.09,201.2    ,3615006 ,20180802,3        ,288,5.399624601698053 ,5.763524716342362
2018-08-03,201.2  ,202.43            ,198.28 ,-0.401               ,202.01,202.01   ,2722768 ,20180803,4        ,289,5.286022365179936 ,5.548388087496714
2018-08-06,201.54 ,202.455           ,200.51 ,0.16899999999999998  ,201.0 ,201.2    ,3061351 ,20180806,0        ,290,4.982293059254215 ,5.067936342497155
2018-08-07,202.62 ,203.15            ,201.96 ,0.536                ,202.5 ,201.54   ,2422304 ,20180807,1        ,291,4.706630053867241 ,4.652211496830866
2018-08-08,202.86 ,203.58            ,202.08 ,0.118                ,202.42,202.62   ,2697921 ,20180808,2        ,292,4.464209139879126 ,4.303916630586746
2018-08-09,203.6  ,204.66            ,202.65 ,0.365                ,203.19,202.86   ,2445212 ,20180809,3        ,293,4.243826490799053 ,4.002061079841841
2018-08-10,202.65 ,203.91            ,202.16 ,-0.467               ,202.97,203.6    ,2567077 ,20180810,4        ,294,4.0171149916353635,3.701786269196262
2018-08-13,202.31 ,204.338           ,201.89 ,-0.168               ,202.65,202.65   ,2014044 ,20180813,0        ,295,3.8744681742138876,3.534614766636761
2018-08-14,203.88 ,204.05            ,201.39 ,0.7759999999999999   ,202.81,202.31   ,2076568 ,20180814,1        ,296,3.7640619765580254,3.4179994644185294
2018-08-15,200.24 ,203.05            ,199.5  ,-1.785               ,202.65,203.88   ,2955677 ,20180815,2        ,297,3.744601796870924 ,3.4355995358293936
2018-08-16,203.6  ,204.23            ,200.82 ,1.6780000000000002   ,201.94,200.24   ,2894010 ,20180816,3        ,298,3.7141834517008268,3.4321862643854737
2018-08-17,203.21 ,204.6             ,202.005,-0.192               ,203.86,203.6    ,2308887 ,20180817,4        ,299,3.772894047000765 ,3.555894762467397
2018-08-20,204.75 ,204.98            ,202.36 ,0.758                ,203.47,203.21   ,2469307 ,20180820,0        ,300,3.668085497273384 ,3.431108794138408
2018-08-21,203.09 ,205.93            ,202.63 ,-0.8109999999999999  ,205.0 ,204.75   ,1979646 ,20180821,1        ,301,3.6346231793394304,3.4136276215866217
2018-08-22,204.31 ,205.22            ,202.25 ,0.601                ,202.5 ,203.09   ,1905302 ,20180822,2        ,302,3.574202890308556 ,3.3544772720417386
2018-08-23,205.22 ,205.96            ,204.18 ,0.445                ,204.49,204.31   ,2247579 ,20180823,3        ,303,3.510184445735032 ,3.28988030243617
2018-08-24,209.4  ,209.5             ,205.57 ,2.037                ,206.0 ,205.22   ,2722618 ,20180824,4        ,304,3.6628949506682473,3.5432295954446804
2018-08-27,211.53 ,211.75            ,210.18 ,1.017                ,210.18,209.4    ,2550181 ,20180827,0        ,305,3.923540864243915 ,3.941465649385386
2018-08-28,212.63 ,213.03            ,210.94 ,0.52                 ,211.7 ,211.53   ,2240217 ,20180828,1        ,306,3.8968553311308236,3.8999368961339966
2018-08-29,214.57 ,215.86            ,212.45 ,0.912                ,212.5 ,212.63   ,3172141 ,20180829,2        ,307,3.936232119209843 ,3.9572786433161244
2018-08-30,213.8  ,215.28            ,212.83 ,-0.359               ,214.25,214.57   ,3083012 ,20180830,3        ,308,3.8193019265543815,3.7829748242073045
2018-08-31,215.56 ,215.8             ,213.5  ,0.823                ,213.58,213.8    ,3020000 ,20180831,4        ,309,3.681183569594873 ,3.585244847646332
2018-09-04,216.82 ,217.35            ,214.68 ,0.585                ,215.68,215.56   ,3776927 ,20180904,1        ,310,3.6692577905407875,3.580545534626815
2018-09-05,211.16 ,215.77            ,210.31 ,-2.61                ,215.76,216.82   ,3869543 ,20180905,2        ,311,3.832052536855282 ,3.831139463343241
2018-09-06,212.77 ,213.269           ,210.47 ,0.762                ,211.44,211.16   ,3032908 ,20180906,3        ,312,4.060956851686647 ,4.166987534897478
2018-09-07,211.09 ,213.24            ,209.7  ,-0.79                ,211.02,212.77   ,3298535 ,20180907,4        ,313,4.013597137896949 ,4.083389196911151
2018-09-10,211.67 ,213.48            ,211.38 ,0.275                ,212.66,211.09   ,3326296 ,20180910,0        ,314,3.8396337617244822,3.8189373039896632
2018-09-11,213.45 ,213.56            ,210.1  ,0.841                ,210.52,211.67   ,2728610 ,20180911,1        ,315,3.8051216015677087,3.7710789967910423
2018-09-12,214.03 ,214.46            ,211.86 ,0.272                ,213.05,213.45   ,2291506 ,20180912,2        ,316,3.7128378196069973,3.640268463885565
2018-09-13,217.22 ,218.69            ,214.37 ,1.49                 ,214.77,214.03   ,3897953 ,20180913,3        ,317,3.8516707450972785,3.853566002034154
2018-09-14,217.96 ,218.82            ,216.42 ,0.341                ,218.0 ,217.22   ,2638024 ,20180914,4        ,318,3.936973404633889 ,3.9784238684295916
2018-09-17,216.47 ,219.98            ,216.11 ,-0.684               ,219.97,217.96   ,2500931 ,20180917,0        ,319,3.9308849133035335,3.963967352638976
2018-09-18,220.05 ,220.96            ,217.3  ,1.654                ,217.46,216.47   ,2851356 ,20180918,1        ,320,3.90625901209412  ,3.923438372287112
2018-09-19,218.19 ,221.41            ,217.16 ,-0.845               ,220.63,220.05   ,2882966 ,20180919,2        ,321,4.0002354655401104,4.058979922648827
2018-09-20,221.39 ,221.92            ,218.9  ,1.467                ,219.98,218.19   ,3108564 ,20180920,3        ,322,3.911123150491004 ,3.9204492662956474
2018-09-21,221.9  ,223.37            ,220.89 ,0.23                 ,222.14,221.39   ,7177811 ,20180921,4        ,323,4.026475591355461 ,4.088389364122891
2018-09-24,221.35 ,222.14            ,218.21 ,-0.248               ,220.41,221.9    ,2520247 ,20180924,0        ,324,4.017705083050417 ,4.067270782239836
2018-09-25,222.12 ,223.04            ,221.22 ,0.348                ,221.92,221.35   ,2181328 ,20180925,1        ,325,3.8179137118640076,3.7676346779411904
2018-09-26,222.26 ,224.36            ,221.7  ,0.063                ,222.62,222.12   ,2963613 ,20180926,2        ,326,3.744467010785456 ,3.66661672088236
2018-09-27,222.31 ,223.61            ,222.06 ,0.022                ,222.69,222.26   ,2645186 ,20180927,3        ,327,3.5449700098049557,3.3844011580980466
2018-09-28,222.61 ,223.69            ,221.05 ,0.135                ,222.13,222.31   ,2954987 ,20180928,4        ,328,3.4627000089135933,3.2851476703516385
2018-10-01,223.77 ,225.35            ,223.09 ,0.521                ,224.84,222.61   ,2955567 ,20181001,0        ,329,3.4242727353759923,3.2524613143047523
2018-10-02,222.37 ,223.73            ,221.01 ,-0.626               ,223.5 ,223.77   ,3060972 ,20181002,1        ,330,3.360247941250901 ,3.181466472397452
2018-10-03,223.13 ,224.33            ,222.55 ,0.342                ,223.78,222.37   ,2662415 ,20181003,2        ,331,3.2165890375008166,2.994604276077792
2018-10-04,216.15 ,222.15            ,214.59 ,-3.128               ,222.07,223.13   ,5664863 ,20181004,3        ,332,3.631444579546209 ,3.6326570392674276
2018-10-05,213.26 ,217.19            ,211.85 ,-1.337               ,216.45,216.15   ,4268256 ,20181005,4        ,333,4.326767799587476 ,4.652302767365107
2018-10-08,208.26 ,211.8             ,203.25 ,-2.345               ,211.7 ,213.26   ,5610955 ,20181008,0        ,334,5.1061525450795395,5.751995731716435
2018-10-09,209.76 ,210.99            ,206.69 ,0.72                 ,208.06,208.26   ,5659367 ,20181009,1        ,335,5.239229586435949 ,5.861062967487579
2018-10-10,196.69 ,209.33            ,196.01 ,-6.231               ,209.33,209.76   ,8454980 ,20181010,2        ,336,5.973845078578146 ,6.855587905155905
2018-10-11,194.51 ,199.727           ,192.91 ,-1.108               ,194.65,196.69   ,9185152 ,20181011,3        ,337,6.9625864350710565,8.188176184468457
2018-10-12,204.22 ,204.84            ,199.537,4.992                ,200.57,194.51   ,6160285 ,20181012,4        ,338,7.070533122791868 ,8.183086026539327
2018-10-15,200.32 ,203.8             ,199.53 ,-1.91                ,203.72,204.22   ,3969219 ,20181015,0        ,339,7.2723028389017   ,8.330674556334081
2018-10-16,207.78 ,208.12            ,202.53 ,3.724                ,202.68,200.32   ,4694920 ,20181016,1        ,340,7.119366217183362 ,7.965251282156204
2018-10-17,207.44 ,207.85            ,204.81 ,-0.16399999999999998 ,207.51,207.78   ,185244  ,20181017,2        ,341,7.156696561075782 ,7.9072177778687065
2018-10-18,203.62 ,207.22            ,202.26 ,-1.841               ,206.97,207.44   ,6264474 ,20181018,3        ,342,7.007905964614355 ,7.588922074152892
2018-10-19,203.06 ,207.44            ,203.0  ,-0.275               ,203.87,203.62   ,4832515 ,20181019,4        ,343,6.774459967831233 ,7.169065797599177
2018-10-22,204.5  ,206.26            ,201.88 ,0.7090000000000001   ,203.72,203.06   ,4045080 ,20181022,0        ,344,6.556781788937483 ,6.797190357919287
2018-10-23,202.43 ,203.73            ,196.6  ,-1.012               ,199.49,204.5    ,5076762 ,20181023,1        ,345,6.608892535397713 ,6.841564976863381
2018-10-24,195.69 ,203.47            ,195.38 ,-3.33                ,202.64,202.43   ,4415868 ,20181024,2        ,346,6.837175032179746 ,7.145356313281606
2018-10-25,203.52 ,204.91            ,195.71 ,4.001                ,197.18,195.69   ,231571  ,20181025,3        ,347,7.051977301981587 ,7.419308804844056
2018-10-26,197.49 ,202.41            ,195.73 ,-2.963               ,199.2 ,203.52   ,6523587 ,20181026,4        ,348,7.021797547255986 ,7.326067630864845
2018-10-29,191.04 ,202.34            ,187.63 ,-3.266               ,200.35,197.49   ,6623805 ,20181029,0        ,349,7.827997770232724 ,8.467925280082875
2018-10-30,187.73 ,193.63            ,183.75 ,-1.733               ,192.58,191.04   ,9239212 ,20181030,1        ,350,8.365452518393393 ,9.170868576071834
2018-10-31,197.67 ,199.96            ,193.25 ,5.295                ,193.25,187.73   ,7683459 ,20181031,2        ,351,8.415865925812176 ,9.137419432595589
2018-11-01,199.71 ,200.0             ,195.01 ,1.032                ,198.89,197.67   ,4439047 ,20181101,3        ,352,8.766241750738338 ,9.55509684158284
2018-11-02,197.72 ,200.99            ,195.25 ,-0.996               ,198.92,199.71   ,4261579 ,20181102,4        ,353,8.49112886430758  ,9.046417262705129
2018-11-05,197.72 ,200.99            ,195.25 ,0.0                  ,198.92,197.72   ,4261579 ,20181105,0        ,354,8.241026240279618 ,8.60556162767778
2018-11-06,197.98 ,199.13            ,194.29 ,0.131                ,198.2 ,197.72   ,3110772 ,20181106,1        ,355,7.931842036617835 ,8.103486743987409
2018-11-07,208.3  ,208.28            ,201.75 ,5.212999999999999    ,202.4 ,197.98   ,312329  ,20181107,2        ,356,8.170765487834393 ,8.431021844789084
2018-11-08,208.24 ,208.38            ,201.74 ,-0.029               ,202.19,208.3    ,4922836 ,20181108,3        ,357,8.373423170758537 ,8.693552265483868
2018-11-09,205.62 ,207.98            ,203.42 ,-1.258               ,207.38,208.24   ,3229908 ,20181109,4        ,358,8.05583924614413  ,8.185078630086027
2018-11-12,199.14 ,205.25            ,198.725,-3.151               ,204.62,205.62   ,3507348 ,20181112,0        ,359,8.188490223767396 ,8.362401479407897
2018-11-13,198.17 ,202.249           ,197.55 ,-0.487               ,199.78,199.14   ,2851971 ,20181113,1        ,360,8.17771838524309  ,8.323414615486847
2018-11-14,197.56 ,202.22            ,195.93 ,-0.308               ,200.84,198.17   ,188468  ,20181114,2        ,361,8.006107622948262 ,8.052292666755266
2018-11-15,200.71 ,201.15            ,194.33 ,1.594                ,197.02,197.56   ,3424560 ,20181115,3        ,362,7.898279657225692 ,7.887986977854563
2018-11-16,199.04 ,200.91            ,197.45 ,-0.8320000000000001  ,199.0 ,200.71   ,2939576 ,20181116,4        ,363,7.494799688386992 ,7.297588714140622
2018-11-19,196.95 ,199.06            ,197.07 ,-1.05                ,199.06,199.04   ,12469   ,20181119,0        ,364,7.144363353079091 ,6.809910218921883
2018-11-20,187.11 ,188.66            ,177.93 ,-4.996               ,181.23,196.95   ,3384224 ,20181120,1        ,365,8.41396668461736  ,8.716588856398973
2018-11-21,187.66 ,190.09            ,186.24 ,0.294                ,188.54,187.11   ,3948990 ,20181121,2        ,366,8.622696986015786 ,8.982377008879114
2018-11-23,182.6  ,186.23            ,182.26 ,-2.696               ,184.88,187.66   ,2601000 ,20181123,4        ,367,8.279724532741628 ,8.43139340769524
2018-11-26,191.85 ,192.23            ,183.68 ,5.066                ,185.58,182.6    ,6917227 ,20181126,0        ,368,8.304295029765115 ,8.447207620002539
2018-11-27,192.98 ,193.04            ,189.45 ,0.589                ,190.75,191.85   ,3976519 ,20181127,1        ,369,8.49845002705919  ,8.71291327066886
2018-11-28,202.28 ,202.47            ,193.27 ,4.819                ,195.0 ,192.98   ,6203007 ,20181128,2        ,370,8.691318206417439 ,8.967191501246337
2018-11-29,202.28 ,202.47            ,193.27 ,0.0                  ,195.0 ,202.28   ,6203007 ,20181129,3        ,371,8.763925642197668 ,9.036899301080151
2018-11-30,201.07 ,201.67            ,195.8  ,-0.598               ,196.59,202.28   ,7944649 ,20181130,4        ,372,8.556296038361523 ,8.695979394269475
2018-12-03,201.07 ,201.67            ,195.8  ,0.0                  ,196.59,201.07   ,7944649 ,20181203,0        ,373,8.367541853055934 ,8.40051547503355
2018-12-04,200.49 ,209.52            ,199.62 ,-0.28800000000000003 ,207.39,201.07   ,6595855 ,20181204,1        ,374,8.50685623005085  ,8.600446745029078
2018-12-06,202.99 ,203.367           ,194.22 ,1.247                ,194.8 ,200.49   ,6558875 ,20181206,3        ,375,8.565051118228046 ,8.673320512358533
2018-12-07,196.5  ,206.52            ,194.9  ,-3.197               ,203.78,202.99   ,4968069 ,20181207,4        ,376,8.84277374384368  ,9.066211110710729
2018-12-10,198.06 ,198.72            ,193.0  ,0.794                ,194.65,196.5    ,4101032 ,20181210,0        ,377,8.947067039857895 ,9.189382962615973
2018-12-11,197.74 ,201.4             ,196.06 ,-0.162               ,201.08,198.06   ,3582443 ,20181211,1        ,378,8.619151854416268 ,8.676131900933843
2018-12-12,200.29 ,205.96            ,200.26 ,1.29                 ,200.46,197.74   ,5160068 ,20181212,2        ,379,8.553774413105696 ,8.572647647475993
2018-12-13,198.96 ,202.2             ,195.31 ,-0.664               ,200.8 ,200.29   ,5246174 ,20181213,3        ,380,8.40252219373245  ,8.348294627812525
2018-12-14,195.33 ,197.24            ,193.19 ,-1.824               ,196.6 ,198.96   ,3801699 ,20181214,4        ,381,8.284111085211325 ,8.181855344104198
2018-12-17,190.45 ,193.54            ,188.766,-2.498               ,193.5 ,195.33   ,5460289 ,20181217,0        ,382,8.45773735019212  ,8.450141298223649
2018-12-18,191.61 ,194.35            ,190.1  ,0.609                ,192.06,190.45   ,4345203 ,20181218,1        ,383,8.164306681992844 ,8.020789125127171
2018-12-19,187.12 ,194.35            ,184.76 ,-2.343               ,190.93,191.61   ,6100646 ,20181219,2        ,384,8.29391516544804  ,8.230017241776883
2018-12-20,182.71 ,188.34            ,180.23 ,-2.357               ,185.6 ,187.12   ,6562735 ,20181220,3        ,385,8.574468332225498 ,8.650014942873309
2018-12-21,175.19 ,185.27            ,175.0  ,-4.1160000000000005  ,181.2 ,182.71   ,8374291 ,20181221,4        ,386,8.896789392932279 ,9.11267961715688
2018-12-24,174.65 ,177.98            ,171.89 ,-0.308               ,173.15,175.19   ,4351915 ,20181224,0        ,387,9.071626720847533 ,9.340322334869306
2018-12-26,186.43 ,186.5             ,176.0  ,6.745                ,176.0 ,174.65   ,5261366 ,20181226,2        ,388,9.275115200770482 ,9.602946023553395
2018-12-27,186.43 ,186.5             ,176.0  ,0.0                  ,176.0 ,186.43   ,5261366 ,20181227,3        ,389,9.509195637064071 ,9.902553220412939
2018-12-28,186.43 ,186.5             ,176.0  ,0.0                  ,176.0 ,186.43   ,5261366 ,20181228,4        ,390,9.599268760967337 ,9.982212791024546
2018-12-31,186.43 ,186.5             ,176.0  ,0.0                  ,176.0 ,186.43   ,5261366 ,20181231,0        ,391,9.681153419061216 ,10.051251085554606
