          ,close  ,high   ,low    ,p_change,open   ,pre_close,volume ,date    ,date_week,atr21             ,atr14             ,key
2017-06-12,117.19 ,117.22 ,115.59 ,0.317   ,116.55 ,116.82   ,588580 ,20170612,0        ,1.6299999999999955,1.6299999999999955,0
2017-06-13,118.92 ,119.2  ,117.04 ,1.476   ,117.2  ,117.19   ,701659 ,20170613,1        ,2.0228571428571307,2.0317857142857023,1
2017-06-14,120.01 ,120.82 ,118.73 ,0.917   ,118.74 ,118.92   ,737041 ,20170614,2        ,2.6103625377643307,2.6423089983021875,2
2017-06-15,121.08 ,121.119,119.216,0.892   ,119.49 ,120.01   ,518093 ,20170615,3        ,2.4923872010342407,2.506688270485841 ,3
2017-06-16,122.25 ,122.54 ,121.137,0.966   ,121.32 ,121.08   ,1160001,20170616,4        ,2.501407347954967 ,2.5127702650470565,4
2017-06-19,122.18 ,122.99 ,121.26 ,-0.057  ,122.32 ,122.25   ,863369 ,20170619,0        ,2.3779605371448036,2.3732999721503227,5
2017-06-20,121.19 ,122.5  ,121.19 ,-0.81   ,122.12 ,122.18   ,548532 ,20170620,1        ,2.1785378391513994,2.149240123411082 ,6
2017-06-21,118.94 ,121.25 ,118.6  ,-1.857  ,121.25 ,121.19   ,892888 ,20170621,2        ,2.4173521099773505,2.4290756870929098,7
2017-06-22,118.72 ,119.42 ,118.35 ,-0.185  ,118.64 ,118.94   ,722437 ,20170622,3        ,2.484069207670234 ,2.5047364051724985,8
2017-06-23,120.06 ,120.67 ,118.62 ,1.129   ,118.74 ,118.72   ,1298354,20170623,4        ,2.419848512571478 ,2.4250558317904165,9
2017-06-26,120.62 ,121.52 ,120.44 ,0.466   ,120.89 ,120.06   ,609636 ,20170626,0        ,2.4730569829804105,2.4881134157944516,10
2017-06-27,120.42 ,121.26 ,119.78 ,-0.166  ,120.59 ,120.62   ,548382 ,20170627,1        ,2.3405621330661432,2.3242791639692846,11
2017-06-28,122.22 ,122.49 ,120.44 ,1.495   ,121.25 ,120.42   ,579426 ,20170628,2        ,2.30337585292457  ,2.2809684053675943,12
2017-06-29,121.37 ,122.695,120.9  ,-0.695  ,122.55 ,122.22   ,786660 ,20170629,3        ,2.299874112137787 ,2.2800485535917954,13
2017-06-30,121.68 ,122.2  ,121.29 ,0.255   ,121.64 ,121.37   ,628633 ,20170630,4        ,2.136144545425978 ,2.0762158538593876,14
2017-07-03,122.02 ,122.85 ,121.66 ,0.279   ,122.07 ,121.68   ,399195 ,20170703,0        ,2.0599025649812193,1.9877592572847003,15
2017-07-05,123.98 ,124.4  ,121.53 ,1.606   ,122.25 ,122.02   ,820340 ,20170705,2        ,2.1517117427178634,2.1167132873298815,16
2017-07-06,122.17 ,123.65 ,122.05 ,-1.46   ,123.49 ,123.98   ,714751 ,20170706,3        ,2.093882262058269 ,2.0464735137551737,17
2017-07-07,123.42 ,123.68 ,122.27 ,1.023   ,122.51 ,122.17   ,598522 ,20170707,4        ,2.0521623327856355,1.998442945129353 ,18
2017-07-10,123.03 ,123.44 ,122.53 ,-0.316  ,123.09 ,123.42   ,515724 ,20170710,0        ,1.9686418835854322,1.89542966256414  ,19
2017-07-11,122.61 ,123.46 ,122.06 ,-0.341  ,123.18 ,123.03   ,587090 ,20170711,1        ,1.9088701828499404,1.8259298451054704,20
2017-07-12,124.28 ,124.72 ,123.12 ,1.362   ,123.18 ,122.61   ,481311 ,20170712,2        ,1.8861862656010382,1.8069929318448115,21
2017-07-13,124.68 ,124.85 ,123.09 ,0.322   ,124.51 ,124.28   ,820492 ,20170713,3        ,1.9223948596230989,1.8669581991133826,22
2017-07-14,125.1  ,125.59 ,123.94 ,0.337   ,124.52 ,124.68   ,403047 ,20170714,4        ,1.8948335078457104,1.8370666119534393,23
2017-07-17,125.37 ,125.58 ,124.39 ,0.216   ,124.8  ,125.1    ,492884 ,20170717,0        ,1.8242424635054448,1.7483107924992634,24
2017-07-18,125.85 ,125.99 ,124.62 ,0.383   ,124.9  ,125.37   ,663099 ,20170718,1        ,1.7791654902391156,1.6966173962751996,25
2017-07-19,126.6  ,126.629,125.07 ,0.596   ,126.06 ,125.85   ,845562 ,20170719,2        ,1.757497674890148 ,1.6778750128401527,26
2017-07-20,127.17 ,127.65 ,126.07 ,0.45    ,126.61 ,126.6    ,1248395,20170720,3        ,1.761649418430756 ,1.6944600441818018,27
2017-07-21,132.57 ,133.62 ,130.15 ,4.246   ,130.5  ,127.17   ,2559392,20170721,4        ,2.2718436309252628,2.4159060730601554,28
2017-07-24,133.57 ,135.2  ,133.03 ,0.754   ,133.15 ,132.57   ,1631042,20170724,0        ,2.827135357245773 ,3.174821389380437 ,29
2017-07-25,132.75 ,134.89 ,132.33 ,-0.614  ,134.71 ,133.57   ,1016479,20170725,1        ,2.801515567413263 ,3.091862831887504 ,30
2017-07-26,133.28 ,133.84 ,132.74 ,0.399   ,132.79 ,132.75   ,661363 ,20170726,2        ,2.639141921845334 ,2.8235272393575785,31
2017-07-27,131.89 ,133.59 ,130.63 ,-1.043  ,133.59 ,133.28   ,799289 ,20170727,3        ,2.6696232660965964,2.841886906577522 ,32
2017-07-28,132.21 ,132.45 ,131.2  ,0.243   ,131.89 ,131.89   ,677659 ,20170728,4        ,2.6138375581996587,2.739512832801878 ,33
2017-07-31,131.63 ,132.88 ,131.44 ,-0.439  ,132.72 ,132.21   ,899684 ,20170731,0        ,2.5031876761374923,2.565079112266535 ,34
2017-08-01,131.59 ,132.51 ,131.47 ,-0.03   ,131.76 ,131.63   ,1082632,20170801,1        ,2.3657237694162787,2.3605510217306294,35
2017-08-02,129.04 ,131.3  ,129.02 ,-1.938  ,131.3  ,131.59   ,23443  ,20170802,2        ,2.3886035562335928,2.393978623969385 ,36
2017-08-03,128.72 ,129.73 ,128.07 ,-0.248  ,129.46 ,129.04   ,1273858,20170803,3        ,2.4942831067047035,2.544770586791581 ,37
2017-08-04,129.29 ,129.59 ,128.3  ,0.443   ,129.11 ,128.72   ,878022 ,20170804,4        ,2.3820756879355725,2.3768348842080895,38
2017-08-07,129.07 ,129.77 ,128.59 ,-0.17   ,129.74 ,129.29   ,772833 ,20170807,0        ,2.2703270007264442,2.2167339285899947,39
2017-08-08,127.7  ,128.88 ,127.345,-1.061  ,128.66 ,129.07   ,817439 ,20170808,1        ,2.240145585941119 ,2.180399877370624 ,40
2017-08-09,128.02 ,128.06 ,126.28 ,0.251   ,127.05 ,127.7    ,1401066,20170809,2        ,2.2910621002147677,2.261879805578596 ,41
2017-08-10,126.91 ,128.86 ,126.86 ,-0.867  ,127.48 ,128.02   ,719653 ,20170810,3        ,2.2641552489209102,2.226888092638437 ,42
2017-08-11,127.76 ,129.0  ,127.43 ,0.67    ,127.48 ,126.91   ,1159542,20170811,4        ,2.2000833080968873,2.1391413086712454,43
2017-08-14,130.53 ,130.75 ,128.17 ,2.168   ,128.65 ,127.76   ,1214526,20170814,0        ,2.351240399915605 ,2.366285249198741 ,44
2017-08-15,132.2  ,132.37 ,130.635,1.279   ,130.93 ,130.53   ,827136 ,20170815,1        ,2.5591755512209176,2.6658618875150966,45
2017-08-16,132.09 ,133.16 ,131.69 ,-0.083  ,132.53 ,132.2    ,731981 ,20170816,2        ,2.565687976601301 ,2.661074559476667 ,46
2017-08-17,130.22 ,132.78 ,130.18 ,-1.416  ,131.22 ,132.09   ,971946 ,20170817,3        ,2.5688397380701766,2.6529228096531745,47
2017-08-18,130.49 ,130.86 ,129.03 ,0.207   ,130.09 ,130.22   ,1479131,20170818,4        ,2.6139130259989   ,2.7072487191414214,48
2017-08-21,130.81 ,131.31 ,130.01 ,0.245   ,130.47 ,130.49   ,654955 ,20170821,0        ,2.4934401327528217,2.519468916221354 ,49
2017-08-22,132.58 ,132.85 ,131.12 ,1.353   ,131.12 ,130.81   ,555205 ,20170822,1        ,2.4812145348822154,2.498191993956692 ,50
2017-08-23,132.02 ,132.375,131.31 ,-0.422  ,131.93 ,132.58   ,422722 ,20170823,2        ,2.397331759210255 ,2.3736933694536377,51
2017-08-24,132.2  ,132.97 ,131.47 ,0.136   ,132.53 ,132.02   ,430590 ,20170824,3        ,2.3152306885529015,2.2571416713946864,52
2017-08-25,132.39 ,133.11 ,132.235,0.144   ,132.83 ,132.2    ,597536 ,20170825,4        ,2.2031942203842907,2.1014541909399305,53
2017-08-28,132.68 ,132.74 ,132.0  ,0.219   ,132.5  ,132.39   ,410784 ,20170828,0        ,2.0694692457737434,1.9198576272506656,54
2017-08-29,133.03 ,133.24 ,131.67 ,0.264   ,131.99 ,132.68   ,455095 ,20170829,1        ,2.0238435595859365,1.8731945020618543,55
2017-08-30,134.44 ,134.455,132.41 ,1.06    ,132.97 ,133.03   ,467491 ,20170830,2        ,2.025775316764145 ,1.8961084733651414,56
2017-08-31,134.03 ,135.04 ,133.58 ,-0.305  ,134.73 ,134.44   ,1020771,20170831,3        ,2.0243354751752953,1.9112977856197733,57
2017-09-01,133.76 ,134.68 ,133.43 ,-0.201  ,134.64 ,134.03   ,672726 ,20170901,4        ,1.9536861062835287,1.8231057497564425,58
2017-09-05,133.06 ,133.59 ,132.28 ,-0.523  ,133.1  ,133.76   ,879351 ,20170905,1        ,1.9351081725749102,1.8133564963484405,59
2017-09-06,134.24 ,134.74 ,133.33 ,0.887   ,133.8  ,133.06   ,750194 ,20170906,2        ,1.887228110463493 ,1.7595669270329448,60
2017-09-07,134.22 ,134.53 ,133.73 ,-0.015  ,134.19 ,134.24   ,492596 ,20170907,3        ,1.8491950501323   ,1.7209525886789345,61
2017-09-08,135.35 ,135.76 ,133.85 ,0.842   ,134.25 ,134.22   ,427471 ,20170908,4        ,1.8547364463583966,1.7461619738735423,62
2017-09-11,135.64 ,136.72 ,135.36 ,0.214   ,136.0  ,135.35   ,1097754,20170911,0        ,1.9135286521393693,1.8466842982651697,63
2017-09-12,136.18 ,136.16 ,135.35 ,0.398   ,135.76 ,135.64   ,389072 ,20170912,1        ,1.813002866014716 ,1.708447106569248 ,64
2017-09-13,135.37 ,136.51 ,135.21 ,-0.595  ,136.19 ,136.18   ,489024 ,20170913,2        ,1.766279622313098 ,1.653983183651904 ,65
2017-09-14,135.0  ,135.07 ,134.55 ,-0.273  ,134.91 ,135.37   ,523349 ,20170914,3        ,1.753869650593874 ,1.6507852065685307,66
2017-09-15,136.37 ,136.72 ,135.5  ,1.015   ,135.58 ,135.0    ,936915 ,20170915,4        ,1.7170978884601136,1.6106781291436545,67
2017-09-18,136.78 ,136.99 ,136.42 ,0.301   ,136.88 ,136.37   ,523934 ,20170918,0        ,1.7419417751648971,1.6612569833254196,68
2017-09-19,136.76 ,137.07 ,136.62 ,-0.015  ,137.05 ,136.78   ,480661 ,20170919,1        ,1.6470997038833433,1.533083664914788 ,69
2017-09-20,136.77 ,137.32 ,135.71 ,0.007   ,136.8  ,136.76   ,633703 ,20170920,2        ,1.6437231166844042,1.543339572969108 ,70
2017-09-21,136.64 ,136.79 ,135.87 ,-0.095  ,136.7  ,136.77   ,421202 ,20170921,3        ,1.5778611835576586,1.4602248436012064,71
2017-09-22,138.03 ,138.28 ,136.81 ,1.017   ,136.81 ,136.64   ,704264 ,20170922,4        ,1.5716861104823905,1.4668617239475747,72
2017-09-25,138.78 ,139.03 ,136.82 ,0.543   ,138.2  ,138.03   ,1075592,20170925,0        ,1.6461426760928877,1.5899499267762878,73
2017-09-26,138.36 ,138.72 ,137.78 ,-0.303  ,138.72 ,138.78   ,27691  ,20170926,1        ,1.5818973758908605,1.5032880453496915,74
2017-09-27,138.66 ,139.54 ,138.39 ,0.217   ,139.26 ,138.36   ,20322  ,20170927,2        ,1.5426058943821275,1.4561820817240496,75
2017-09-28,138.62 ,138.62 ,137.74 ,-0.029  ,138.41 ,138.66   ,22374  ,20170928,3        ,1.4823298289903666,1.3793565448968537,76
2017-09-29,139.29 ,139.29 ,138.07 ,0.483   ,138.41 ,138.62   ,21130  ,20170929,4        ,1.4584675671640406,1.3581087037363748,77
2017-10-02,140.25 ,140.25 ,139.53 ,0.689   ,139.76 ,139.29   ,32233  ,20171002,0        ,1.4740698031645108,1.3943613229001643,78
2017-10-03,141.09 ,141.23 ,140.04 ,0.599   ,140.09 ,140.25   ,18553  ,20171003,1        ,1.5164477821155964,1.4671139227891514,79
2017-10-04,141.68 ,141.66 ,140.89 ,0.418   ,141.05 ,141.09   ,19719  ,20171004,2        ,1.506766414371686 ,1.459498662662589 ,80
2017-10-05,142.07 ,142.64 ,141.69 ,0.275   ,142.0  ,141.68   ,19432  ,20171005,3        ,1.5106983267048049,1.4715656043503424,81
2017-10-06,142.49 ,143.9  ,142.2  ,0.296   ,142.68 ,142.07   ,34283  ,20171006,4        ,1.5752039564601872,1.5713575502408674,82
2017-10-09,141.95 ,142.43 ,141.55 ,-0.379  ,142.43 ,142.49   ,20773  ,20171009,0        ,1.5119825163827902,1.4791759886354796,83
2017-10-10,142.15 ,142.5  ,141.72 ,0.141   ,141.98 ,141.95   ,16038  ,20171010,1        ,1.445418474031484 ,1.385952037126788 ,84
2017-10-11,142.5  ,142.56 ,141.85 ,0.246   ,142.0  ,142.15   ,537162 ,20171011,2        ,1.378543820592636 ,1.2958246913347837,85
2017-10-12,143.86 ,143.86 ,142.21 ,0.954   ,142.65 ,142.5    ,739675 ,20171012,3        ,1.4086837510896282,1.351048282223231 ,86
2017-10-13,144.2  ,144.81 ,143.82 ,0.236   ,144.26 ,143.86   ,703968 ,20171013,4        ,1.490640256862945 ,1.4789089454914643,87
2017-10-16,144.75 ,144.75 ,143.85 ,0.381   ,144.58 ,144.2    ,492430 ,20171016,0        ,1.4369345689144943,1.4017208589039827,88
2017-10-17,144.13 ,144.61 ,143.48 ,-0.428  ,144.61 ,144.75   ,503221 ,20171017,1        ,1.4090261734576206,1.36549131863326  ,89
2017-10-18,145.145,145.78 ,144.41 ,0.704   ,144.82 ,144.13   ,619006 ,20171018,2        ,1.4054777323467877,1.3660924774778405,90
2017-10-19,144.18 ,144.55 ,143.38 ,-0.665  ,144.27 ,145.145  ,515248 ,20171019,3        ,1.384067335359935 ,1.3399467637192806,91
2017-10-20,145.6  ,145.66 ,144.34 ,0.985   ,144.635,144.18   ,476751 ,20171020,4        ,1.3782422084138937,1.3372871908070958,92
2017-10-23,146.13 ,146.165,145.34 ,0.364   ,145.44 ,145.6    ,597315 ,20171023,0        ,1.433409099606192 ,1.4236490229844476,93
2017-10-24,147.0  ,147.69 ,145.2  ,0.595   ,146.07 ,146.13   ,711358 ,20171024,1        ,1.5294740447236725,1.5658293305856776,94
2017-10-25,145.58 ,147.27 ,144.45 ,-0.966  ,146.98 ,147.0    ,938283 ,20171025,2        ,1.6468070519776403,1.7330522672652866,95
2017-10-26,147.38 ,148.0  ,146.46 ,1.236   ,146.49 ,145.58   ,912932 ,20171026,3        ,1.6370963820749318,1.7073119408493673,96
2017-10-27,146.4  ,147.98 ,145.96 ,-0.665  ,147.98 ,147.38   ,863567 ,20171027,4        ,1.706457346637691 ,1.7996704237224121,97
2017-10-30,142.98 ,145.88 ,141.365,-2.336  ,145.85 ,146.4    ,809036 ,20171030,0        ,2.098174310141976 ,2.3617147627090795,98
2017-10-31,142.41 ,143.41 ,141.59 ,-0.399  ,142.99 ,142.98   ,985948 ,20171031,1        ,2.344721809206666 ,2.6881529934199504,99
2017-11-01,143.49 ,144.27 ,142.5  ,0.758   ,143.79 ,142.41   ,543771 ,20171101,2        ,2.2924709250762305,2.5657325295956293,100
2017-11-02,143.53 ,144.03 ,142.145,0.028   ,143.21 ,143.49   ,823748 ,20171102,3        ,2.2554258920533146,2.4749681507415273,101
2017-11-03,146.29 ,147.68 ,140.15 ,1.923   ,144.39 ,143.53   ,1953539,20171103,4        ,2.7349587731264644,3.148972664873774 ,102
2017-11-06,144.51 ,146.63 ,144.3  ,-1.217  ,146.45 ,146.29   ,851792 ,20171106,0        ,2.768145984075569 ,3.1424429739774125,103
2017-11-07,143.77 ,145.665,143.18 ,-0.512  ,144.68 ,144.51   ,549225 ,20171107,1        ,2.7992250222337622,3.1381172428239386,104
2017-11-08,144.93 ,144.98 ,143.17 ,0.807   ,143.64 ,143.77   ,552362 ,20171108,2        ,2.7092917909619745,2.961034898019574 ,105
2017-11-09,143.09 ,144.77 ,141.9  ,-1.27   ,144.47 ,144.93   ,572660 ,20171109,3        ,2.723902172204042 ,2.9488969088985186,106
2017-11-10,142.19 ,143.38 ,141.68 ,-0.629  ,142.65 ,143.09   ,546690 ,20171110,4        ,2.771730866576323 ,2.9890439955046086,107
2017-11-13,142.15 ,142.62 ,141.09 ,-0.028  ,141.54 ,142.19   ,492285 ,20171113,0        ,2.7015713559141448,2.857171440587036 ,108
2017-11-14,143.14 ,143.89 ,141.31 ,0.696   ,141.76 ,142.15   ,424850 ,20171114,1        ,2.6905191052561017,2.820215243120887 ,109
2017-11-15,141.96 ,143.12 ,141.49 ,-0.824  ,142.61 ,143.14   ,619551 ,20171115,2        ,2.5941058253455407,2.661519857319945 ,110
2017-11-16,144.09 ,144.98 ,142.75 ,1.5     ,142.75 ,141.96   ,789223 ,20171116,3        ,2.561004530411342 ,2.6039838700434657,111
2017-11-17,146.79 ,147.33 ,143.61 ,1.874   ,144.67 ,144.09   ,942370 ,20171117,4        ,2.81637312269139  ,2.972786055705303 ,112
2017-11-20,148.31 ,148.55 ,146.71 ,1.035   ,146.86 ,146.79   ,831863 ,20171120,0        ,2.965796603207805 ,3.171081264587814 ,113
2017-11-21,149.46 ,149.63 ,148.77 ,0.775   ,149.0  ,148.31   ,804906 ,20171121,1        ,2.954360349704074 ,3.1269370928293387,114
2017-11-22,149.4  ,149.89 ,148.5  ,-0.04   ,149.4  ,149.46   ,685049 ,20171122,2        ,2.8294165265663884,2.9206788010429365,115
2017-11-24,150.23 ,150.73 ,149.35 ,0.556   ,149.35 ,149.4    ,290983 ,20171124,4        ,2.6976494960426227,2.7152549499050656,116
2017-11-27,149.89 ,151.24 ,149.76 ,-0.226  ,151.24 ,150.23   ,32660  ,20171127,0        ,2.619680342417955 ,2.5985542845024474,117
2017-11-28,150.88 ,151.08 ,149.31 ,0.66    ,150.44 ,149.89   ,1098332,20171128,1        ,2.5424357584126778,2.4880803754593015,118
2017-11-29,149.84 ,153.415,149.41 ,-0.689  ,151.58 ,150.88   ,626563 ,20171129,2        ,2.675397578195057 ,2.6903363324474667,119
2017-11-30,151.82 ,152.08 ,148.31 ,1.321   ,150.71 ,149.84   ,1178180,20171130,3        ,2.7749078650508445,2.8342914924695495,120
2017-12-01,151.3  ,151.83 ,147.81 ,-0.343  ,151.82 ,151.82   ,769726 ,20171201,4        ,2.888099068169475 ,2.992385964279055 ,121
2017-12-04,151.75 ,153.86 ,151.41 ,0.297   ,153.31 ,151.3    ,740233 ,20171204,0        ,2.8482715573917043,2.92006783406772  ,122
2017-12-05,152.08 ,153.66 ,151.5  ,0.217   ,152.34 ,151.75   ,724559 ,20171205,1        ,2.80388290696894  ,2.8453921213903035,123
2017-12-06,152.27 ,152.43 ,150.88 ,0.125   ,152.08 ,152.08   ,605777 ,20171206,2        ,2.6898927883382564,2.6726731689281817,124
2017-12-07,151.73 ,152.95 ,151.6  ,-0.355  ,152.05 ,152.27   ,801918 ,20171207,3        ,2.5680836113802052,2.49631674379974  ,125
2017-12-08,152.39 ,152.84 ,151.31 ,0.435   ,152.25 ,151.73   ,519112 ,20171208,4        ,2.4737118516206515,2.367474509643905 ,126
2017-12-11,152.39 ,153.27 ,151.67 ,0.0     ,152.19 ,152.39   ,869851 ,20171211,0        ,2.39428310179184  ,2.2651445738895255,127
2017-12-12,152.57 ,153.55 ,151.98 ,0.118   ,152.56 ,152.39   ,438832 ,20171212,1        ,2.3193479315652974,2.1724586298131427,128
2017-12-13,150.17 ,152.92 ,150.13 ,-1.573  ,152.73 ,152.57   ,825345 ,20171213,2        ,2.362134661175621 ,2.254797479857473 ,129
2017-12-14,149.5  ,150.79 ,149.47 ,-0.446  ,150.23 ,150.17   ,573454 ,20171214,3        ,2.4292135819385923,2.367491150023624 ,130
2017-12-15,150.57 ,151.22 ,149.77 ,0.716   ,150.68 ,149.5    ,1559225,20171215,4        ,2.3401938594477767,2.2451589959215124,131
2017-12-18,150.47 ,151.84 ,149.83 ,-0.066  ,151.39 ,150.57   ,1034898,20171218,0        ,2.340176235806551 ,2.257804463200568 ,132
2017-12-19,150.15 ,151.66 ,149.87 ,-0.213  ,150.97 ,150.47   ,707665 ,20171219,1        ,2.2901600723034568,2.1954305344806113,133
2017-12-20,148.47 ,150.505,148.13 ,-1.119  ,150.19 ,150.15   ,625961 ,20171220,2        ,2.297872812918872 ,2.2193731299807413,134
2017-12-21,147.48 ,149.15 ,147.37 ,-0.667  ,148.84 ,148.47   ,504919 ,20171221,3        ,2.3417026600869892,2.2941233795805815,135
2017-12-22,146.99 ,148.0  ,146.43 ,-0.332  ,148.0  ,147.48   ,479423 ,20171222,4        ,2.314275087002147 ,2.260240262199487 ,136
2017-12-26,145.87 ,146.94 ,145.3  ,-0.762  ,146.62 ,146.99   ,485389 ,20171226,1        ,2.302068237229334 ,2.249541560544516 ,137
2017-12-27,146.63 ,147.33 ,145.12 ,0.521   ,146.22 ,145.87   ,536671 ,20171227,2        ,2.2936983827195716,2.2442693524597965,138
2017-12-28,147.82 ,148.04 ,146.32 ,0.812   ,146.94 ,146.63   ,479730 ,20171228,3        ,2.2824530571695907,2.234366772112092 ,139
2017-12-29,147.61 ,148.99 ,147.61 ,-0.142  ,147.93 ,147.82   ,410912 ,20171229,4        ,2.289502789520606 ,2.25111786919273  ,140
2018-01-02,146.13 ,148.34 ,145.66 ,-1.003  ,147.96 ,147.61   ,571598 ,20180102,1        ,2.325002582967523 ,2.3083021533859274,141
2018-01-03,148.86 ,148.96 ,145.5  ,2.274   ,145.55 ,145.55   ,1007560,20180103,2        ,2.428184290627703 ,2.46186186646693  ,142
2018-01-04,151.6  ,152.76 ,149.25 ,1.841   ,149.25 ,148.86   ,778593 ,20180104,3        ,2.862895285713073 ,3.0949469516494847,143
2018-01-05,154.12 ,154.28 ,151.7  ,1.662   ,151.97 ,151.6    ,1275238,20180105,4        ,3.0953595820767856,3.4049540250648285,144
2018-01-08,155.07 ,155.44 ,153.78 ,0.616   ,154.39 ,154.12   ,566189 ,20180108,0        ,3.163054226790737 ,3.462960155105146 ,145
2018-01-09,156.12 ,156.325,154.97 ,0.677   ,155.2  ,155.07   ,626156 ,20180109,1        ,3.075958316332195 ,3.2952321343017483,146
2018-01-10,154.81 ,156.39 ,154.38 ,-0.839  ,156.18 ,156.12   ,25684  ,20180110,2        ,2.979052942365401 ,3.1238678496195305,147
2018-01-11,155.72 ,155.79 ,154.6  ,0.588   ,155.57 ,154.81   ,522490 ,20180111,3        ,2.846411675594614 ,2.910018802886086 ,148
2018-01-12,157.25 ,157.56 ,155.72 ,0.983   ,156.56 ,155.72   ,564902 ,20180112,4        ,2.8376469723953397,2.88868296249111  ,149
2018-01-16,155.53 ,158.51 ,154.96 ,-1.094  ,157.81 ,157.25   ,588787 ,20180116,1        ,2.9024063749333378,2.9768585675286863,150
2018-01-17,157.41 ,158.04 ,155.81 ,1.209   ,156.91 ,155.53   ,680803 ,20180117,2        ,2.8412784914381635,2.877277425155907 ,151
2018-01-18,157.58 ,157.92 ,156.36 ,0.108   ,156.87 ,157.41   ,781232 ,20180118,3        ,2.800253154981344 ,2.8123071017816432,152
2018-01-19,159.18 ,160.13 ,157.85 ,1.015   ,158.29 ,157.58   ,786773 ,20180119,4        ,2.792957410539079 ,2.799999488207447 ,153
2018-01-22,160.47 ,160.48 ,157.2  ,0.81    ,159.59 ,159.18   ,491105 ,20180122,0        ,2.8372340265754743,2.8639995564613567,154
2018-01-23,160.84 ,161.11 ,159.06 ,0.231   ,160.22 ,160.47   ,518429 ,20180123,1        ,2.7656672719148467,2.7554662822446083,155
2018-01-24,162.19 ,163.415,161.14 ,0.839   ,161.52 ,160.84   ,508986 ,20180124,2        ,2.781970252366799 ,2.780737444616409 ,156
2018-01-25,162.79 ,163.7  ,162.1  ,0.37    ,162.83 ,162.19   ,470155 ,20180125,3        ,2.7890638678336073,2.791305785335817 ,157
2018-01-26,167.23 ,167.23 ,163.07 ,2.727   ,163.72 ,162.79   ,838718 ,20180126,4        ,2.9936944789488216,3.091131680663757 ,158
2018-01-29,161.75 ,166.64 ,161.72 ,-3.277  ,166.14 ,167.23   ,964243 ,20180129,0        ,3.1688132044159905,3.3349807899363504,159
2018-01-30,161.63 ,162.7  ,160.13 ,-0.074  ,161.05 ,161.75   ,778917 ,20180130,1        ,3.5261938996262714,3.836983351327706 ,160
2018-01-31,161.79 ,162.77 ,160.63 ,0.099   ,161.62 ,161.63   ,667981 ,20180131,2        ,3.4001762475666855,3.610718904464665 ,161
2018-02-01,163.57 ,164.1  ,160.82 ,1.1     ,161.67 ,161.79   ,576598 ,20180201,3        ,3.3892511321953096,3.566623050532775 ,162
2018-02-02,158.61 ,162.84 ,158.24 ,-3.032  ,162.08 ,163.57   ,786684 ,20180202,4        ,3.499319229003471 ,3.704406643803921 ,163
2018-02-05,151.31 ,158.71 ,151.08 ,-4.602  ,157.87 ,158.61   ,1363115,20180205,0        ,4.3166539654988965,4.8758190913619375,164
2018-02-06,157.94 ,157.97 ,147.34 ,4.382   ,150.87 ,151.31   ,1982005,20180206,1        ,4.948776417310206 ,5.728376545888149 ,165
2018-02-07,157.98 ,161.25 ,156.43 ,0.025   ,157.02 ,157.94   ,1034040,20180207,2        ,5.402524071229265 ,6.289926339793208 ,166
2018-02-08,152.14 ,160.12 ,151.85 ,-3.697  ,157.95 ,157.98   ,1665175,20180208,3        ,5.663203730100027 ,6.553936161163682 ,167
2018-02-09,154.64 ,158.55 ,149.295,1.643   ,154.67 ,152.14   ,2309643,20180209,4        ,5.989730696730439 ,6.914078006353171 ,168
2018-02-12,160.64 ,161.14 ,155.91 ,3.88    ,158.06 ,154.64   ,34091  ,20180212,0        ,6.263391567627483 ,7.192200938846985 ,169
2018-02-13,161.6  ,161.77 ,156.72 ,0.598   ,157.67 ,160.64   ,753973 ,20180213,1        ,6.342174158969461 ,7.183907480333861 ,170
2018-02-14,163.55 ,164.22 ,159.8  ,1.207   ,160.94 ,161.6    ,1357646,20180214,2        ,6.167431040338988 ,6.815386482948478 ,171
2018-02-15,166.99 ,166.99 ,163.25 ,2.103   ,165.05 ,163.55   ,934545 ,20180215,3        ,6.096755486338217 ,6.6253349518853115,172
2018-02-16,168.21 ,169.06 ,165.93 ,0.731   ,166.26 ,166.99   ,765635 ,20180216,4        ,6.0434140751416585,6.476623624964985 ,173
2018-02-20,168.13 ,169.51 ,166.35 ,-0.048  ,167.44 ,168.21   ,661616 ,20180220,1        ,5.781285507900776 ,6.034407141630435 ,174
2018-02-21,166.99 ,170.62 ,166.87 ,-0.678  ,168.06 ,168.13   ,804126 ,20180221,2        ,5.596623179422907 ,5.729819522742865 ,175
2018-02-22,167.17 ,168.75 ,166.34 ,0.108   ,167.88 ,166.99   ,593898 ,20180222,3        ,5.306930149452297 ,5.287176919706058 ,176
2018-02-23,169.3  ,169.3  ,166.37 ,1.274   ,167.22 ,167.17   ,668952 ,20180223,4        ,5.090845581148732 ,4.9728866637425275,177
2018-02-26,170.2  ,170.8  ,168.615,0.532   ,170.4  ,169.3    ,739651 ,20180226,0        ,4.958041432232811 ,4.793835108575513 ,178
2018-02-27,168.37 ,171.65 ,168.37 ,-1.075  ,169.9  ,170.2    ,742387 ,20180227,1        ,4.805492205716596 ,4.591990427430798 ,179
2018-02-28,166.88 ,171.07 ,166.86 ,-0.885  ,169.4  ,168.37   ,1067959,20180228,2        ,4.751356548908007 ,4.541058370439735 ,180
2018-03-01,166.52 ,168.83 ,164.8  ,-0.216  ,166.72 ,166.88   ,837469 ,20180301,3        ,4.685778678905517 ,4.472917254380771 ,181
2018-03-02,166.94 ,167.21 ,162.94 ,0.252   ,164.59 ,166.52   ,780863 ,20180302,4        ,4.647980616180811 ,4.445861620463223 ,182
2018-03-05,167.5  ,168.31 ,160.79 ,0.335   ,161.75 ,166.94   ,880325 ,20180305,0        ,4.909073293754535 ,4.855746737736299 ,183
2018-03-06,166.06 ,168.5  ,164.24 ,-0.86   ,168.0  ,167.5    ,1095112,20180306,1        ,4.850066629388001 ,4.776313839371205 ,184
2018-03-07,166.76 ,167.35 ,163.81 ,0.422   ,164.0  ,166.06   ,773260 ,20180307,2        ,4.744606024607492 ,4.631471994121315 ,185
2018-03-08,168.37 ,168.79 ,166.71 ,0.965   ,167.15 ,166.76   ,757130 ,20180308,3        ,4.561460019041052 ,4.377942394904533 ,186
2018-03-09,170.05 ,171.68 ,168.17 ,0.998   ,169.77 ,168.37   ,825968 ,20180309,4        ,4.5940545633032634,4.45021674225075  ,187
2018-03-12,169.99 ,170.35 ,168.96 ,-0.035  ,170.0  ,170.05   ,12036  ,20180312,0        ,4.356413235796304 ,4.120854509950057 ,188
2018-03-13,169.08 ,171.05 ,168.69 ,-0.535  ,170.73 ,169.99   ,551930 ,20180313,1        ,4.174921120972352 ,3.886073908623019 ,189
2018-03-14,166.69 ,169.47 ,166.16 ,-1.414  ,169.47 ,169.08   ,690083 ,20180314,2        ,4.143564655040076 ,3.878597387473275 ,190
2018-03-15,166.48 ,167.48 ,165.43 ,-0.126  ,167.15 ,166.69   ,574661 ,20180315,3        ,4.098695140439054 ,3.8481177358101406,191
2018-03-16,167.3  ,168.31 ,165.54 ,0.493   ,166.62 ,166.48   ,907561 ,20180316,4        ,3.97790467188692  ,3.7043687043686444,192
2018-03-19,164.85 ,167.52 ,165.08 ,-1.464  ,167.0  ,167.3    ,16491  ,20180319,0        ,3.8380951549566014,3.535786210452677 ,193
2018-03-20,167.46 ,168.38 ,165.3  ,1.583   ,166.02 ,164.85   ,463473 ,20180320,1        ,3.769177413012445 ,3.475014715725605 ,194
2018-03-21,168.59 ,169.29 ,167.45 ,0.675   ,167.45 ,167.46   ,14658  ,20180321,2        ,3.830161285026926 ,3.603679420295601 ,195
2018-03-22,160.91 ,166.31 ,160.7  ,-4.555  ,165.59 ,168.59   ,770099 ,20180322,3        ,4.096510260982167 ,4.024522164256434 ,196
2018-03-23,158.42 ,162.63 ,158.39 ,-1.547  ,161.16 ,160.91   ,990343 ,20180323,4        ,4.651372968064608 ,4.847919209022657 ,197
2018-03-26,163.3  ,163.64 ,159.91 ,3.08    ,161.54 ,158.42   ,552412 ,20180326,0        ,4.567611788664467 ,4.698863314486237 ,198
2018-03-27,159.54 ,164.13 ,158.43 ,-2.303  ,164.13 ,163.3    ,789053 ,20180327,1        ,4.671465262969111 ,4.833681539221453 ,199
2018-03-28,158.94 ,160.74 ,156.32 ,-0.376  ,159.94 ,159.54   ,784106 ,20180328,2        ,4.8813320582492965,5.11985733399202  ,200
2018-03-29,161.3  ,162.48 ,158.49 ,1.485   ,159.8  ,158.94   ,856929 ,20180329,3        ,4.8003018707830885,4.969209689459706 ,201
2018-04-02,158.66 ,161.25 ,156.24 ,-1.637  ,160.96 ,161.3    ,969708 ,20180402,0        ,4.819365337150955 ,4.9746483975317455,202
2018-04-03,160.87 ,161.08 ,158.11 ,1.393   ,159.88 ,158.66   ,862470 ,20180403,1        ,4.671241215059034 ,4.736695277860796 ,203
2018-04-04,162.26 ,162.74 ,157.77 ,0.864   ,159.01 ,160.87   ,722892 ,20180404,2        ,4.698401104687925 ,4.767802574146028 ,204
2018-04-05,162.16 ,162.93 ,161.54 ,-0.062  ,162.53 ,162.26   ,22660  ,20180405,3        ,4.458546458094261 ,4.4067622309265015,205
2018-04-06,158.99 ,161.75 ,157.23 ,-1.955  ,160.28 ,162.16   ,684267 ,20180406,4        ,4.510496780226071 ,4.489860600136313 ,206
2018-04-09,159.46 ,162.67 ,159.29 ,0.296   ,160.41 ,158.99   ,501815 ,20180409,0        ,4.407724345407601 ,4.341879186784787 ,207
2018-04-10,162.64 ,163.85 ,160.43 ,1.994   ,161.82 ,159.46   ,682727 ,20180410,1        ,4.448840314098726 ,4.410961961880151 ,208
2018-04-11,162.6  ,162.97 ,160.21 ,-0.025  ,161.17 ,162.64   ,46504  ,20180411,2        ,4.363491194461927 ,4.290833700296116 ,209
2018-04-12,163.95 ,165.28 ,162.977,0.83    ,164.03 ,162.6    ,599133 ,20180412,3        ,4.206810176494398 ,4.070722540256619 ,210
2018-04-13,162.89 ,165.4  ,161.83 ,-0.647  ,164.03 ,163.95   ,420572 ,20180413,4        ,4.148918342170501 ,4.003959534889065 ,211
2018-04-16,164.38 ,165.31 ,163.05 ,0.915   ,164.54 ,162.89   ,466288 ,20180416,0        ,3.9771984926203467,3.7714315969038417,212
2018-04-17,166.13 ,166.37 ,164.68 ,1.065   ,165.12 ,164.38   ,33274  ,20180417,1        ,3.931998629592186 ,3.7325740506499967,213
2018-04-18,166.46 ,166.85 ,165.1  ,0.199   ,165.79 ,166.13   ,27715  ,20180418,2        ,3.7990896630980777,3.5642308438966523,214
2018-04-19,165.72 ,166.2  ,164.51 ,-0.445  ,166.0  ,166.46   ,596222 ,20180419,3        ,3.6073542389603444,3.3143333980437557,215
2018-04-20,164.37 ,165.65 ,163.58 ,-0.815  ,165.62 ,165.72   ,25978  ,20180420,4        ,3.5412311262586975,3.2564222783045857,216
2018-04-23,162.48 ,164.32 ,161.86 ,-1.15   ,164.0  ,164.37   ,671150 ,20180423,0        ,3.570210114808081 ,3.336899307863978 ,217
2018-04-24,160.46 ,163.62 ,159.12 ,-1.243  ,163.17 ,162.48   ,817090 ,20180424,1        ,3.7229182863206463,3.5919794001487872,218
2018-04-25,162.54 ,163.37 ,159.675,1.296   ,161.0  ,160.46   ,1049479,20180425,2        ,3.720380260289509 ,3.605715480128948 ,219
2018-04-26,164.48 ,165.7  ,161.36 ,1.194   ,163.05 ,162.54   ,90525  ,20180426,3        ,3.858527509452396 ,3.8236200827784192,220
2018-04-27,163.18 ,164.5  ,162.57 ,-0.79   ,164.0  ,164.48   ,67214  ,20180427,4        ,3.6859340993905287,3.5751374050746234,221
2018-04-30,162.2  ,164.8  ,162.18 ,-0.601  ,164.02 ,163.18   ,742802 ,20180430,0        ,3.5890309993889495,3.4477857510646723,222
2018-05-01,163.45 ,163.43 ,161.01 ,0.771   ,161.3  ,162.2    ,31839  ,20180501,1        ,3.482755453933139 ,3.3107476509227163,223
2018-05-02,162.71 ,164.36 ,162.39 ,-0.453  ,163.59 ,163.45   ,787241 ,20180502,2        ,3.3625049580625945,3.1573146307996893,224
2018-05-03,163.12 ,163.555,160.48 ,0.252   ,162.24 ,162.71   ,781539 ,20180503,3        ,3.3363681436817214,3.1463393466930665,225
2018-05-04,166.31 ,167.4  ,161.29 ,1.956   ,162.33 ,163.12   ,621062 ,20180504,4        ,3.58851649435739  ,3.541494100467329 ,226
2018-05-07,167.39 ,168.12 ,166.06 ,0.649   ,166.62 ,166.31   ,450015 ,20180507,0        ,3.7168331767353906,3.735961553738353 ,227
2018-05-08,167.89 ,168.16 ,166.15 ,0.299   ,166.89 ,167.39   ,579161 ,20180508,1        ,3.5616665242533916,3.5058333465732368,228
2018-05-09,170.55 ,171.06 ,167.18 ,1.584   ,168.19 ,167.89   ,585015 ,20180509,2        ,3.59060593114818  ,3.5557222336968044,229
2018-05-10,173.78 ,174.13 ,170.36 ,1.894   ,170.72 ,170.55   ,752603 ,20180510,3        ,3.8314599374735105,3.9136259358705625,230
2018-05-11,174.05 ,174.75 ,172.86 ,0.155   ,173.65 ,173.78   ,871868 ,20180511,4        ,3.864963579529723 ,3.951809144421145 ,231
2018-05-14,172.0  ,174.8  ,171.04 ,-1.178  ,174.6  ,174.05   ,617847 ,20180514,0        ,3.85542143593395  ,3.9262345918316615,232
2018-05-15,170.89 ,171.61 ,169.85 ,-0.645  ,171.21 ,172.0    ,540504 ,20180515,1        ,3.8867467599464125,3.962736646254109 ,233
2018-05-16,172.24 ,173.07 ,170.73 ,0.79    ,171.17 ,170.89   ,741990 ,20180516,2        ,3.7461334181067545,3.7463717600868947,234
2018-05-17,171.54 ,172.66 ,170.565,-0.406  ,172.15 ,172.24   ,463694 ,20180517,3        ,3.5960303800714803,3.5261888587419747,235
2018-05-18,172.52 ,172.87 ,171.07 ,0.571   ,171.3  ,171.54   ,694023 ,20180518,4        ,3.4327548909487895,3.296030344243046 ,236
2018-05-21,175.09 ,175.58 ,173.35 ,1.49    ,173.36 ,172.52   ,1059229,20180521,0        ,3.4879589917794007,3.3952262983439763,237
2018-05-22,174.36 ,175.6  ,173.63 ,-0.417  ,175.21 ,175.09   ,773404 ,20180522,1        ,3.4508718107037955,3.35319612523144  ,238
2018-05-23,174.05 ,174.07 ,171.98 ,-0.178  ,173.12 ,174.36   ,824351 ,20180523,2        ,3.4198834642725786,3.320769975200591 ,239
2018-05-24,173.95 ,174.41 ,171.44 ,-0.057  ,173.85 ,174.05   ,705633 ,20180524,3        ,3.3789849675162   ,3.274000645173845 ,240
2018-05-25,174.03 ,174.305,172.545,0.046   ,173.46 ,173.95   ,531273 ,20180525,4        ,3.2318045159096678,3.0721338924840014,241
2018-05-29,170.81 ,173.31 ,169.04 ,-1.85   ,172.48 ,174.03   ,898095 ,20180529,1        ,3.384367741749397 ,3.3171827068194673,242
2018-05-30,173.42 ,173.64 ,170.88 ,1.528   ,172.05 ,170.81   ,740007 ,20180530,2        ,3.363061583406853 ,3.294891679243543 ,243
2018-05-31,170.57 ,173.715,170.49 ,-1.643  ,173.42 ,173.42   ,1027717,20180531,3        ,3.3505105303689597,3.2855727886777366,244
2018-06-01,172.96 ,173.71 ,172.02 ,1.401   ,172.44 ,170.57   ,588677 ,20180601,4        ,3.1995550275982314,3.0728297501873714,245
2018-06-04,175.23 ,175.24 ,172.92 ,1.312   ,173.84 ,172.96   ,532040 ,20180604,0        ,3.333231843279099 ,3.28578578349572  ,246
2018-06-05,176.15 ,176.57 ,175.17 ,0.525   ,175.38 ,175.23   ,24044  ,20180605,1        ,3.35839258480054  ,3.3290143456962813,247
2018-06-06,178.31 ,178.32 ,176.11 ,1.226   ,176.72 ,176.15   ,528390 ,20180606,2        ,3.3339932589083756,3.297145766270107 ,248
2018-06-07,177.76 ,178.72 ,176.42 ,-0.308  ,178.62 ,178.31   ,616255 ,20180607,3        ,3.264539326277223 ,3.200192997434088 ,249
2018-06-08,179.21 ,179.29 ,177.39 ,0.816   ,177.76 ,177.76   ,477718 ,20180608,4        ,3.140490296610599 ,3.026833931109544 ,250
2018-06-11,177.82 ,179.835,177.41 ,-0.776  ,179.1  ,179.21   ,591951 ,20180611,0        ,3.0754457241890436,2.9465894069616065,251
2018-06-12,178.05 ,178.18 ,176.2  ,0.129   ,177.35 ,177.82   ,535418 ,20180612,1        ,3.069496112898937 ,2.955044152700069 ,252
2018-06-13,176.87 ,179.0  ,176.82 ,-0.663  ,178.32 ,178.05   ,560236 ,20180613,2        ,2.9886328299056477,2.8517049323400605,253
2018-06-14,175.82 ,177.52 ,175.59 ,-0.594  ,177.52 ,176.87   ,20902  ,20180614,3        ,2.94057529991289  ,2.7994776080280572,254
2018-06-15,176.8  ,176.99 ,174.68 ,0.557   ,175.58 ,175.82   ,947819 ,20180615,4        ,2.8832502726466305,2.73421392695765  ,255
2018-06-18,175.16 ,175.83 ,174.72 ,-0.928  ,175.83 ,176.8    ,841575 ,20180618,0        ,2.722045702402318 ,2.5176520700299654,256
2018-06-19,173.23 ,174.1  ,172.51 ,-1.102  ,173.35 ,175.16   ,822362 ,20180619,1        ,2.8645870021869153,2.7539651273593133,257
2018-06-20,173.47 ,174.85 ,173.25 ,0.139   ,174.0  ,173.23   ,683461 ,20180620,2        ,2.7778063656228222,2.641436443711412 ,258
2018-06-21,172.45 ,173.76 ,172.33 ,-0.588  ,173.48 ,173.47   ,17803  ,20180621,3        ,2.655278514200445 ,2.4799115845498876,259
2018-06-22,172.41 ,173.61 ,172.18 ,-0.023  ,173.43 ,172.45   ,796949 ,20180622,4        ,2.5438895583622902,2.3399233732765703,260
2018-06-25,169.6  ,172.17 ,168.45 ,-1.63   ,171.67 ,172.41   ,793623 ,20180625,0        ,2.676263234876704 ,2.5612669235063645,261
2018-06-26,169.47 ,171.88 ,169.21 ,-0.077  ,169.87 ,169.6    ,596936 ,20180626,1        ,2.7238756680703458,2.6464313337055105,262
2018-06-27,168.47 ,170.55 ,168.44 ,-0.59   ,169.77 ,169.47   ,665934 ,20180627,2        ,2.668068789154202 ,2.574907155878111 ,263
2018-06-28,170.58 ,171.15 ,168.39 ,1.252   ,168.47 ,168.47   ,711055 ,20180628,3        ,2.676426171958457 ,2.599586201761032 ,264
2018-06-29,170.56 ,172.1  ,170.53 ,-0.012  ,171.52 ,170.58   ,888857 ,20180629,4        ,2.7631147017812614,2.7369747081928937,265
2018-07-02,170.97 ,171.2  ,169.31 ,0.24    ,169.71 ,170.56   ,1040139,20180702,0        ,2.6837406379822593,2.624044747100506 ,266
2018-07-03,169.69 ,171.77 ,169.64 ,-0.749  ,171.23 ,170.97   ,27629  ,20180703,1        ,2.6334005799834683,2.5581721141537748,267
2018-07-05,171.06 ,172.09 ,169.51 ,0.807   ,170.5  ,169.69   ,681706 ,20180705,3        ,2.6285459818031183,2.5610824989332728,268
2018-07-06,172.81 ,175.05 ,171.13 ,1.023   ,171.27 ,171.06   ,682546 ,20180706,4        ,2.8768599834590347,2.934271499075501 ,269
2018-07-09,175.45 ,175.59 ,173.37 ,1.528   ,173.4  ,172.81   ,639436 ,20180709,0        ,3.0271454395091193,3.1470352991987607,270
2018-07-10,176.69 ,176.93 ,174.88 ,0.707   ,175.35 ,175.45   ,768872 ,20180710,1        ,3.1264958540997445,3.276763925972256 ,271
2018-07-11,178.03 ,178.49 ,174.5  ,0.758   ,175.97 ,176.69   ,770962 ,20180711,2        ,3.2049962310001616,3.371862069175956 ,272
2018-07-12,181.51 ,181.8  ,177.84 ,1.955   ,178.98 ,178.03   ,1181036,20180712,3        ,3.378178391819116 ,3.6036137932858265,273
2018-07-13,181.96 ,182.31 ,180.62 ,0.248   ,181.64 ,181.51   ,604284 ,20180713,4        ,3.4601621743813515,3.693798620847713 ,274
2018-07-16,182.32 ,183.08 ,181.72 ,0.198   ,182.02 ,181.96   ,509539 ,20180716,0        ,3.2883292494369423,3.4106254714013464,275
2018-07-17,182.69 ,182.92 ,180.72 ,0.203   ,181.8  ,182.32   ,534693 ,20180717,1        ,3.189390226760517 ,3.2492087418811653,276
2018-07-18,184.49 ,184.96 ,183.06 ,0.985   ,183.08 ,182.69   ,787352 ,20180718,2        ,3.139445660691222 ,3.1679809096303413,277
2018-07-19,182.35 ,184.36 ,182.03 ,-1.16   ,183.58 ,184.49   ,541874 ,20180719,3        ,3.0658596915372676,3.056250121679631 ,278
2018-07-20,185.42 ,185.65 ,182.23 ,1.684   ,182.23 ,182.35   ,679208 ,20180720,4        ,3.098054265033964 ,3.1047501054556825,279
2018-07-23,186.12 ,187.55 ,185.2  ,0.378   ,185.62 ,185.42   ,642724 ,20180723,0        ,3.2891402409404127,3.38411675806159  ,280
2018-07-24,185.63 ,186.92 ,185.24 ,-0.263  ,186.5  ,186.12   ,554580 ,20180724,1        ,3.1428547644909717,3.156901190320042 ,281
2018-07-25,187.02 ,187.11 ,185.02 ,0.749   ,185.54 ,185.63   ,656873 ,20180725,2        ,3.0471406949916076,3.01464769827737  ,282
2018-07-26,185.72 ,187.975,184.66 ,-0.695  ,187.62 ,187.02   ,787948 ,20180726,3        ,3.0714915409015036,3.054694671840387 ,283
2018-07-27,176.6  ,183.82 ,176.12 ,-4.911  ,182.0  ,185.72   ,2120018,20180727,4        ,3.783174128093418 ,4.100735382261677 ,284
2018-07-30,170.81 ,176.38 ,169.87 ,-3.279  ,176.38 ,176.6    ,1692141,20180730,0        ,4.880158298268335 ,5.667303997960119 ,285
2018-07-31,171.12 ,171.64 ,168.3  ,0.181   ,171.49 ,170.81   ,1527855,20180731,1        ,5.191052998426174 ,6.018330131565442 ,286
2018-08-01,171.15 ,173.87 ,170.69 ,0.018   ,171.18 ,171.12   ,888196 ,20180801,2        ,5.00822999856903  ,5.639886114023384 ,287
2018-08-02,171.89 ,172.33 ,169.55 ,0.432   ,169.73 ,171.15   ,884157 ,20180802,3        ,4.805663635062534 ,5.258567965486933 ,288
2018-08-03,172.68 ,173.52 ,171.36 ,0.46    ,173.0  ,171.89   ,854169 ,20180803,4        ,4.584239668238446 ,4.873425570088672 ,289
2018-08-06,171.57 ,172.55 ,171.48 ,-0.643  ,172.09 ,172.68   ,741401 ,20180806,0        ,4.264763334761938 ,4.366302160743519 ,290
2018-08-07,173.25 ,174.135,171.65 ,0.979   ,172.09 ,171.57   ,740292 ,20180807,1        ,4.102966667965264 ,4.115461872644381 ,291
2018-08-08,172.6  ,173.63 ,172.27 ,-0.375  ,173.14 ,173.25   ,371774 ,20180808,2        ,3.9172424254228266,3.8414002896251263,292
2018-08-09,172.04 ,173.61 ,171.82 ,-0.324  ,173.42 ,172.6    ,651290 ,20180809,3        ,3.7238567503842592,3.5678802510084457,293
2018-08-10,170.99 ,171.88 ,169.59 ,-0.61   ,170.97 ,172.04   ,751336 ,20180810,4        ,3.658960682167468 ,3.4934962175406516,294
2018-08-13,169.37 ,171.85 ,169.305,-0.947  ,171.12 ,170.99   ,675412 ,20180813,0        ,3.5749642565158317,3.39236338853523  ,295
2018-08-14,170.92 ,171.3  ,169.84 ,0.915   ,169.98 ,169.37   ,494697 ,20180814,1        ,3.3826947786506594,3.1347149367305334,296
2018-08-15,169.47 ,170.54 ,168.64 ,-0.848  ,170.0  ,170.92   ,571694 ,20180815,2        ,3.2479043442278104,2.9700862784997963,297
2018-08-16,171.57 ,172.47 ,170.38 ,1.239   ,170.53 ,169.47   ,804682 ,20180816,3        ,3.142640312934329 ,2.852741441366491 ,298
2018-08-17,171.5  ,172.41 ,170.84 ,-0.041  ,171.7  ,171.57   ,592950 ,20180817,4        ,3.124218466303923 ,2.864375915850951 ,299
2018-08-20,171.22 ,172.48 ,170.77 ,-0.163  ,171.75 ,171.5    ,596319 ,20180820,0        ,2.995653151185338 ,2.7104591270708216,300
2018-08-21,171.91 ,172.435,171.17 ,0.403   ,171.2  ,171.22   ,1253083,20180821,1        ,2.838321046532077 ,2.5177312434613808,301
2018-08-22,171.82 ,172.82 ,171.24 ,-0.052  ,171.6  ,171.91   ,772675 ,20180822,2        ,2.7257464059382137,2.395367077666522 ,302
2018-08-23,171.31 ,172.52 ,171.13 ,-0.297  ,171.93 ,171.82   ,541587 ,20180823,3        ,2.6043149144892546,2.2613181339776545,303
2018-08-24,173.2  ,173.67 ,171.675,1.103   ,172.23 ,171.31   ,451122 ,20180824,4        ,2.5489226495356707,2.2258090494472973,304
2018-08-27,175.39 ,175.51 ,173.13 ,1.264   ,173.2  ,173.2    ,726982 ,20180827,0        ,2.6990205904869997,2.4890345095209816,305
2018-08-28,176.27 ,177.76 ,175.86 ,0.502   ,175.86 ,175.39   ,827889 ,20180828,1        ,2.8682005368063965,2.765163241584851 ,306
2018-08-29,176.32 ,176.65 ,175.208,0.028   ,176.08 ,176.27   ,723398 ,20180829,2        ,2.738545942551247 ,2.588741476040205 ,307
2018-08-30,176.75 ,177.225,175.97 ,0.244   ,176.22 ,176.32   ,718829 ,20180830,3        ,2.6036781295920206,2.410909279234844 ,308
2018-08-31,178.02 ,178.24 ,176.03 ,0.719   ,176.03 ,176.75   ,592542 ,20180831,4        ,2.5678892087200142,2.3841213753368655,309
2018-09-04,178.13 ,178.62 ,177.24 ,0.062   ,177.91 ,178.02   ,861898 ,20180904,1        ,2.5044447352      ,2.3155718586252765,310
2018-09-05,176.1  ,178.57 ,175.28 ,-1.14   ,177.97 ,178.13   ,713517 ,20180905,2        ,2.575858850181826 ,2.445495610808572 ,311
2018-09-06,176.65 ,177.16 ,176.1  ,0.312   ,176.41 ,176.1    ,501707 ,20180906,3        ,2.5262353183471142,2.3900961960341034,312
2018-09-07,176.8  ,178.635,176.246,0.085   ,176.25 ,176.65   ,785639 ,20180907,4        ,2.5270321075882802,2.4094167032295486,313
2018-09-10,177.16 ,178.97 ,176.82 ,0.204   ,178.05 ,176.8    ,477312 ,20180910,0        ,2.508211006898429 ,2.3974944761322674,314
2018-09-11,177.72 ,178.17 ,176.03 ,0.316   ,176.59 ,177.16   ,783947 ,20180911,1        ,2.474737278998568 ,2.36316187931463  ,315
2018-09-12,178.9  ,179.43 ,177.01 ,0.664   ,177.91 ,177.72   ,548136 ,20180912,2        ,2.469761162725972 ,2.3707402954060144,316
2018-09-13,179.26 ,179.8  ,178.27 ,0.201   ,178.8  ,178.9    ,418271 ,20180913,3        ,2.434328329750877 ,2.3319749226852067,317
2018-09-14,181.55 ,181.69 ,177.51 ,1.277   ,179.84 ,179.26   ,535314 ,20180914,4        ,2.59302575431899  ,2.57837826632718  ,318
2018-09-17,176.91 ,181.97 ,176.59 ,-2.556  ,181.87 ,181.55   ,988202 ,20180917,0        ,2.846387049380914 ,2.9519278308168886,319
2018-09-18,177.85 ,178.3  ,176.68 ,0.531   ,177.08 ,176.91   ,887761 ,20180918,1        ,3.030351863073571 ,3.2076707867079746,320
2018-09-19,177.8  ,178.35 ,176.76 ,-0.028  ,177.91 ,177.85   ,691571 ,20180919,2        ,2.899410784612331 ,2.991981348480245 ,321
2018-09-20,178.75 ,179.26 ,176.9  ,0.534   ,178.87 ,177.8    ,719865 ,20180920,3        ,2.850373440556661 ,2.907717168682877 ,322
2018-09-21,174.59 ,178.49 ,173.57 ,-2.327  ,178.44 ,178.75   ,2384506,20180921,4        ,3.038521309596973 ,3.1760215461918286,323
2018-09-24,175.55 ,175.86 ,172.78 ,0.55    ,173.8  ,174.59   ,804551 ,20180924,0        ,3.305019372360899 ,3.5485520066995924,324
2018-09-25,172.91 ,175.91 ,172.23 ,-1.504  ,175.54 ,175.55   ,831013 ,20180925,1        ,3.339108520328092 ,3.5660784058063144,325
2018-09-26,172.81 ,174.51 ,172.315,-0.058  ,173.1  ,172.91   ,677490 ,20180926,2        ,3.329644109389181 ,3.521934618365482 ,326
2018-09-27,173.46 ,174.89 ,173.01 ,0.376   ,173.36 ,172.81   ,526556 ,20180927,3        ,3.206949190353794 ,3.3163433359167453,327
2018-09-28,167.2  ,173.38 ,167.09 ,-3.609  ,172.26 ,173.46   ,1366938,20180928,4        ,3.4872265366852733,3.7128308911278447,328
2018-10-01,169.56 ,169.92 ,167.96 ,1.411   ,168.12 ,167.2    ,745892 ,20181001,0        ,3.6702059424411666,3.9511201056441396,329
2018-10-02,166.58 ,168.53 ,166.56 ,-1.757  ,167.28 ,169.56   ,779145 ,20181002,1        ,3.5156417658556025,3.686970758224921 ,330
2018-10-03,166.24 ,168.47 ,166.17 ,-0.204  ,167.78 ,166.58   ,747323 ,20181003,2        ,3.5042197871414604,3.6473746571282706,331
2018-10-04,163.04 ,166.18 ,161.51 ,-1.925  ,166.0  ,166.24   ,1340879,20181004,3        ,3.6465634428558773,3.8370580361778375,332
2018-10-05,161.36 ,163.34 ,159.84 ,-1.03   ,162.74 ,163.04   ,1124651,20181005,4        ,3.8968758571417137,4.178783631354131 ,333
2018-10-08,161.65 ,161.8  ,159.11 ,0.18    ,160.48 ,161.36   ,1185407,20181008,0        ,3.8998871428561044,4.145612480506914 ,334
2018-10-09,161.65 ,162.64 ,159.07 ,0.0     ,161.23 ,161.65   ,780727 ,20181009,1        ,3.869897402596458 ,4.068864149772658 ,335
2018-10-10,156.04 ,162.45 ,155.88 ,-3.47   ,161.19 ,161.65   ,1314942,20181010,2        ,4.115361275087691 ,4.40234892980297  ,336
2018-10-11,153.31 ,158.34 ,152.6  ,-1.75   ,155.2  ,156.04   ,1582005,20181011,3        ,4.5639647955342735,5.022035739162579 ,337
2018-10-12,155.93 ,158.72 ,154.06 ,1.709   ,156.63 ,153.31   ,1643736,20181012,4        ,4.5726952686675215,4.973764307274235 ,338
2018-10-15,156.46 ,157.53 ,154.8  ,0.34    ,155.54 ,155.93   ,1680718,20181015,0        ,4.540632062425019 ,4.87326239963767  ,339
2018-10-16,159.69 ,159.97 ,157.16 ,2.064   ,158.09 ,156.46   ,888369 ,20181016,1        ,4.495120056750016 ,4.762160746352646 ,340
2018-10-17,161.89 ,162.3  ,158.72 ,1.378   ,158.93 ,159.69   ,38890  ,20181017,2        ,4.617381869772744 ,4.905872646838961 ,341
2018-10-18,158.27 ,162.35 ,157.32 ,-2.236  ,161.67 ,161.89   ,1285882,20181018,3        ,4.654892608884313 ,4.922422960593766 ,342
2018-10-19,159.77 ,161.22 ,158.595,0.948   ,158.83 ,158.27   ,1098460,20181019,4        ,4.5312660080766465,4.705433232514596 ,343
2018-10-22,159.44 ,161.6  ,159.11 ,-0.207  ,160.87 ,159.77   ,781950 ,20181022,0        ,4.422060007342404 ,4.522042134845981 ,344
2018-10-23,157.23 ,158.0  ,154.28 ,-1.386  ,156.59 ,159.44   ,978587 ,20181023,1        ,4.519145461220371 ,4.651103183533189 ,345
2018-10-24,154.02 ,159.0  ,153.74 ,-2.042  ,157.64 ,157.23   ,1007702,20181024,2        ,4.626495873836703 ,4.790956092395433 ,346
2018-10-25,155.02 ,156.58 ,151.45 ,0.649   ,153.5  ,154.02   ,115164 ,20181025,3        ,4.731359885306099 ,4.922828613409383 ,347
2018-10-26,141.63 ,148.0  ,140.84 ,-8.638  ,148.0  ,155.02   ,4445008,20181026,4        ,5.499418077551006 ,6.023784798288137 ,348
2018-10-29,141.26 ,147.335,139.36 ,-0.261  ,142.81 ,141.63   ,2307536,20181029,0        ,6.423107343228192 ,7.308613491849722 ,349
2018-10-30,141.14 ,142.55 ,139.11 ,-0.085  ,141.98 ,141.26   ,1867349,20181030,1        ,6.151915766571084 ,6.7927983596030925,350
2018-10-31,145.48 ,147.105,142.89 ,3.075   ,142.89 ,141.14   ,1851870,20181031,2        ,6.124014333246439 ,6.666425244989346 ,351
2018-11-01,149.94 ,150.38 ,145.475,3.066   ,145.48 ,145.48   ,1490346,20181101,3        ,6.407285757496765 ,7.009568545657435 ,352
2018-11-02,149.46 ,151.57 ,148.63 ,-0.32   ,151.39 ,149.94   ,1149290,20181102,4        ,6.37844159772433  ,6.88695940623644  ,353
2018-11-05,149.46 ,151.57 ,148.63 ,0.0     ,151.39 ,149.46   ,1149290,20181105,0        ,6.065855997931208 ,6.360698152071581 ,354
2018-11-06,150.99 ,151.42 ,149.26 ,1.024   ,150.0  ,149.46   ,1045082,20181106,1        ,5.710778179937461 ,5.800605065128702 ,355
2018-11-07,153.39 ,154.12 ,151.42 ,1.59    ,152.04 ,150.99   ,34604  ,20181107,2        ,5.615252890852235 ,5.6485243897782045,356
2018-11-08,153.45 ,154.365,151.36 ,0.039   ,151.83 ,153.39   ,1016359,20181108,3        ,5.411593537138395 ,5.345387804474444 ,357
2018-11-09,153.5  ,155.96 ,152.53 ,0.033   ,154.82 ,153.45   ,1718669,20181109,4        ,5.231448670125814 ,5.090002763877853 ,358
2018-11-12,150.07 ,153.59 ,149.6  ,-2.235  ,153.05 ,153.5    ,1327110,20181112,0        ,5.118589700114377 ,4.94333572869414  ,359
2018-11-13,148.06 ,150.72 ,147.4  ,-1.339  ,149.76 ,150.07   ,1102371,20181113,1        ,5.2078088182857964,5.0975576315349205,360
2018-11-14,146.39 ,149.2  ,144.8  ,-1.128  ,148.93 ,148.06   ,61238  ,20181114,2        ,5.213462562077995 ,5.120549947330262 ,361
2018-11-15,147.46 ,148.65 ,143.85 ,0.731   ,145.24 ,146.39   ,1254006,20181115,3        ,5.175875056434541 ,5.077809954352895 ,362
2018-11-16,147.25 ,149.11 ,146.3  ,-0.142  ,146.73 ,147.46   ,1565027,20181116,4        ,4.960795505849583 ,4.775435293772509 ,363
2018-11-19,147.41 ,148.28 ,147.43 ,0.109   ,147.59 ,147.25   ,1836   ,20181119,0        ,4.58708682349962  ,4.252043921269507 ,364
2018-11-20,145.95 ,146.5  ,144.16 ,-0.99   ,145.58 ,147.41   ,60590  ,20181120,1        ,4.450988021363293 ,4.09710473176691  ,365
2018-11-21,150.76 ,151.86 ,147.03 ,3.296   ,147.03 ,145.95   ,1761726,20181121,2        ,4.485443655784813 ,4.194824100864657 ,366
2018-11-23,150.19 ,151.25 ,149.37 ,-0.378  ,149.37 ,150.76   ,522713 ,20181123,4        ,4.559494232531647 ,4.342180887416033 ,367
2018-11-26,153.92 ,154.18 ,150.96 ,2.484   ,152.13 ,150.19   ,1148194,20181126,0        ,4.455903847756044 ,4.219223435760564 ,368
2018-11-27,152.71 ,154.03 ,151.78 ,-0.786  ,152.75 ,153.92   ,829099 ,20181127,1        ,4.399912588869131 ,4.16866031099249  ,369
2018-11-28,158.71 ,158.75 ,152.39 ,3.929   ,153.28 ,152.71   ,1121584,20181128,2        ,4.5781023535173935,4.460838936193492 ,370
2018-11-29,158.71 ,158.75 ,152.39 ,0.0     ,153.28 ,158.71   ,1121584,20181129,3        ,4.740093048652177 ,4.7140604113676945,371
2018-11-30,159.07 ,159.54 ,156.27 ,0.227   ,156.62 ,158.71   ,2937857,20181130,4        ,4.606448226047433 ,4.521519023185332 ,372
2018-12-03,159.07 ,159.54 ,156.27 ,0.0     ,156.62 ,159.07   ,2937857,20181203,0        ,4.484952932770391 ,4.354649820093952 ,373
2018-12-04,152.45 ,159.31 ,152.35 ,-4.162  ,157.87 ,159.07   ,1317488,20181204,1        ,4.7099572116094475,4.7020298440814265,374
2018-12-06,149.84 ,150.18 ,146.8  ,-1.712  ,149.35 ,152.45   ,1523688,20181206,3        ,5.39723382873586  ,5.7110925315372345,375
2018-12-07,145.78 ,150.79 ,144.78 ,-2.71   ,150.32 ,149.84   ,1165785,20181207,4        ,5.603848935214418 ,5.972280193998935 ,376
2018-12-10,145.75 ,146.51 ,142.91 ,-0.021  ,145.54 ,145.78   ,973566 ,20181210,0        ,5.724408122922199 ,6.099976168132412 ,377
2018-12-11,145.41 ,148.93 ,144.64 ,-0.233  ,147.82 ,145.75   ,1141904,20181211,1        ,5.594007384474728 ,5.858646012381427 ,378
2018-12-12,148.43 ,149.84 ,147.23 ,2.077   ,149.08 ,145.41   ,1567610,20181212,2        ,5.457279440431571 ,5.622826544063903 ,379
2018-12-13,148.95 ,149.96 ,147.65 ,0.35    ,148.67 ,148.43   ,1103702,20181213,3        ,5.374799491301429 ,5.479783004855384 ,380
2018-12-14,145.52 ,148.46 ,145.21 ,-2.303  ,147.68 ,148.95   ,1482321,20181214,4        ,5.1816359011831175,5.182478604208    ,381
2018-12-17,141.39 ,146.145,140.64 ,-2.838  ,145.59 ,145.52   ,1509215,20181217,0        ,5.4660326374391985,5.599481456980267 ,382
2018-12-18,142.2  ,144.12 ,141.12 ,0.573   ,142.41 ,141.39   ,1245350,20181218,1        ,5.369120579490181 ,5.439550596049565 ,383
2018-12-19,139.5  ,143.938,137.44 ,-1.899  ,142.71 ,142.2    ,1554311,20181219,2        ,5.471745981354709 ,5.580677183242956 ,384
2018-12-20,136.67 ,139.84 ,135.41 ,-2.029  ,139.07 ,139.5    ,1881883,20181220,3        ,5.591587255777008 ,5.741920225477227 ,385
2018-12-21,132.58 ,139.34 ,132.55 ,-2.993  ,135.98 ,136.67   ,2324410,20181221,4        ,5.715079323433643 ,5.902997528746928 ,386
2018-12-24,129.35 ,132.07 ,129.26 ,-2.436  ,131.82 ,132.58   ,724543 ,20181224,0        ,5.869163021303314 ,6.103931191580674 ,387
2018-12-26,136.65 ,136.85 ,129.77 ,5.644   ,129.77 ,129.35   ,1250226,20181226,2        ,5.9792391102757385,6.234073699369915 ,388
2018-12-27,136.65 ,136.85 ,129.77 ,0.0     ,129.77 ,136.65   ,1250226,20181227,3        ,6.117490100250668 ,6.402863872787256 ,389
2018-12-28,136.65 ,136.85 ,129.77 ,0.0     ,129.77 ,136.65   ,1250226,20181228,4        ,6.204991000227879 ,6.493148689748953 ,390
2018-12-31,136.65 ,136.85 ,129.77 ,0.0     ,129.77 ,136.65   ,1250226,20181231,0        ,6.2845372729344335,6.571395531115757 ,391
