          ,close ,high   ,low    ,p_change,open   ,pre_close,volume  ,date    ,date_week,atr21             ,atr14             ,key
2017-06-12,149.97,151.7  ,142.11 ,0.247   ,145.88 ,149.6    ,42438280,20170612,0        ,9.589999999999975 ,9.589999999999975 ,0
2017-06-13,151.4 ,154.77 ,145.65 ,0.954   ,154.4  ,149.97   ,41812580,20170613,1        ,9.343809523809515 ,9.338214285714276 ,1
2017-06-14,151.72,154.06 ,148.5  ,0.211   ,151.52 ,151.4    ,29616036,20170614,2        ,7.960604229607246 ,7.894923599320879 ,2
2017-06-15,152.37,153.6  ,146.5  ,0.428   ,146.96 ,151.72   ,24095612,20170615,3        ,7.713790131437186 ,7.6517340464104375,3
2017-06-16,151.62,154.7  ,150.24 ,-0.492  ,152.76 ,152.37   ,23123950,20170616,4        ,6.933479549884514 ,6.8190155173391105,4
2017-06-19,157.32,157.53 ,153.26 ,3.759   ,153.41 ,151.62   ,19454439,20170619,0        ,6.563294101179289 ,6.435148904234968 ,5
2017-06-20,157.09,161.74 ,156.92 ,-0.146  ,159.03 ,157.32   ,27386086,20170620,1        ,7.227445876120494 ,7.21162515813166  ,6
2017-06-21,159.47,159.62 ,155.7  ,1.515   ,158.21 ,157.09   ,17066279,20170621,2        ,6.663845018910248 ,6.567831746933222 ,7
2017-06-22,158.37,160.34 ,157.4  ,-0.69   ,159.8  ,159.47   ,11728324,20170622,3        ,6.124952392183118 ,5.956941798211779 ,8
2017-06-23,153.83,159.32 ,153.22 ,-2.867  ,158.68 ,158.37   ,27214702,20170623,4        ,6.143453230649733 ,6.008292526429705 ,9
2017-06-26,152.15,156.6  ,148.33 ,-1.092  ,155.16 ,153.83   ,26598996,20170626,0        ,6.688839215790668 ,6.686339431141793 ,10
2017-06-27,146.58,151.79 ,146.35 ,-3.661  ,151.44 ,152.15   ,24987313,20170627,1        ,6.7943968334887686,6.815321729626095 ,11
2017-06-28,151.75,151.94 ,145.75 ,3.527   ,149.32 ,146.58   ,24873679,20170628,2        ,6.743921738946002 ,6.749739281023164 ,12
2017-06-29,146.68,150.72 ,144.08 ,-3.341  ,150.6  ,151.75   ,26610631,20170629,3        ,6.731097208424655 ,6.732826242061069 ,13
2017-06-30,144.56,147.93 ,143.5  ,-1.445  ,147.38 ,146.68   ,18276526,20170630,4        ,6.91263892363664  ,6.961891798422802 ,14
2017-07-03,139.33,145.65 ,138.58 ,-3.618  ,145.05 ,144.56   ,17726820,20170703,0        ,7.050606633032423 ,7.130745372834789 ,15
2017-07-05,143.05,144.22 ,141.13 ,2.67    ,141.9  ,139.33   ,20504738,20170705,2        ,6.640279549502232 ,6.589820422430292 ,16
2017-07-06,143.48,145.38 ,139.76 ,0.301   ,141.87 ,143.05   ,18657132,20170706,3        ,6.574849625280356 ,6.511916520421538 ,17
2017-07-07,146.76,147.5  ,144.85 ,2.286   ,145.78 ,143.48   ,16374302,20170707,4        ,6.343923154215037 ,6.217584221187751 ,18
2017-07-10,153.7 ,154.0  ,148.68 ,4.729   ,149.74 ,146.76   ,23962269,20170710,0        ,6.7898508081488735,6.826013440386376 ,19
2017-07-11,155.88,156.19 ,152.15 ,1.418   ,153.85 ,153.7    ,18948883,20170711,1        ,7.067365025704158 ,7.19130563872047  ,20
2017-07-12,162.58,163.0  ,156.61 ,4.298   ,158.2  ,155.88   ,28630213,20170712,2        ,7.29875747187692  ,7.485076018446876 ,21
2017-07-13,160.63,166.3  ,158.75 ,-1.199  ,163.0  ,162.58   ,34228333,20170713,3        ,7.618179225634427 ,7.891520887156754 ,22
2017-07-14,164.95,165.01 ,161.01 ,2.689   ,161.29 ,160.63   ,23548708,20170714,4        ,7.252086008716413 ,7.355363524777482 ,23
2017-07-17,164.25,167.5  ,161.75 ,-0.424  ,166.33 ,164.95   ,23269759,20170717,0        ,7.213819027815443 ,7.288787941091066 ,24
2017-07-18,165.96,166.55 ,161.3  ,1.041   ,161.78 ,164.25   ,19415987,20170718,1        ,7.018938485090308 ,7.010202516236008 ,25
2017-07-19,165.1 ,167.4  ,164.61 ,-0.518  ,166.33 ,165.96   ,17176140,20170719,2        ,6.638172886447173 ,6.484473955352951 ,26
2017-07-20,167.5 ,167.51 ,163.91 ,1.454   ,165.93 ,165.1    ,17489889,20170720,3        ,6.341395836628085 ,6.0927515726838015,27
2017-07-21,168.1 ,169.3  ,166.09 ,0.358   ,166.67 ,167.5    ,16208257,20170721,4        ,6.133625786769324 ,5.836342247602285 ,28
2017-07-24,166.15,168.78 ,165.72 ,-1.16   ,168.39 ,168.1    ,16313052,20170724,0        ,5.837218593250778 ,5.461035264414535 ,29
2017-07-25,165.35,165.93 ,163.58 ,-0.481  ,165.22 ,166.15   ,12413896,20170725,1        ,5.7108898890669   ,5.334060293416087 ,30
2017-07-26,167.26,169.927,165.85 ,1.155   ,167.68 ,165.35   ,16010113,20170726,2        ,5.554969683089769 ,5.16471428560891  ,31
2017-07-27,161.74,168.74 ,157.56 ,-3.3    ,168.27 ,167.26   ,19571379,20170727,3        ,6.089344527256461 ,5.973950087898129 ,32
2017-07-28,164.39,165.38 ,159.28 ,1.638   ,160.29 ,161.74   ,12833737,20170728,4        ,6.2682240932452045,6.243501250841307 ,33
2017-07-31,162.51,166.4  ,160.62 ,-1.144  ,164.94 ,164.39   ,13991802,20170731,0        ,6.222202445735182 ,6.181285437640977 ,34
2017-08-01,164.49,164.56 ,161.0  ,1.218   ,162.125,162.51   ,10784578,20170801,1        ,5.9720932118742365,5.8297453103137435,35
2017-08-02,164.39,165.91 ,161.27 ,-0.061  ,165.75 ,164.49   ,11961082,20170802,2        ,5.847324589746564 ,5.670312574711818 ,36
2017-08-03,166.48,166.63 ,163.68 ,1.271   ,164.37 ,164.39   ,11060541,20170803,3        ,5.576696233169796 ,5.3060199588143275,37
2017-08-04,167.21,170.07 ,166.48 ,0.438   ,167.4  ,166.48   ,14727353,20170804,4        ,5.5863214192748005,5.356072615156321 ,38
2017-08-07,172.35,172.37 ,168.0  ,3.074   ,168.39 ,167.21   ,17935280,20170807,0        ,5.614552322761296 ,5.427496238976162 ,39
2017-08-08,170.3 ,174.56 ,168.71 ,-1.189  ,173.89 ,172.35   ,18883354,20170808,1        ,5.775554225671321 ,5.6845578083021895,40
2017-08-09,172.11,172.21 ,167.67 ,1.063   ,168.43 ,170.3    ,13269623,20170809,2        ,5.674105913276813 ,5.550287333177998 ,41
2017-08-10,164.74,172.66 ,164.33 ,-4.282  ,172.16 ,172.11   ,33202199,20170810,3        ,5.919626533072279 ,5.921705463257415 ,42
2017-08-11,155.96,159.0  ,152.91 ,-5.33   ,157.14 ,164.74   ,37429859,20170811,4        ,7.145432005575239 ,7.695413428473322 ,43
2017-08-14,168.4 ,168.55 ,159.2  ,7.976   ,159.67 ,155.96   ,31975541,20170814,0        ,7.348635063632507 ,7.916377883496241 ,44
2017-08-15,166.98,169.67 ,165.59 ,-0.843  ,168.61 ,168.4    ,19113263,20170815,1        ,7.934244696681756 ,8.689931579088642 ,45
2017-08-16,165.15,168.54 ,163.84 ,-1.096  ,167.59 ,166.98   ,14915786,20170816,2        ,7.636850539549071 ,8.157301741578149 ,46
2017-08-17,161.47,165.5  ,161.38 ,-2.228  ,164.81 ,165.15   ,13136065,20170817,3        ,7.449753819142495 ,7.815973303040841 ,47
2017-08-18,161.5 ,164.36 ,159.64 ,0.019   ,163.67 ,161.47   ,15030107,20170818,4        ,7.2717445436006924,7.508232904133753 ,48
2017-08-21,159.15,162.95 ,157.37 ,-1.455  ,162.49 ,161.5    ,15591767,20170821,0        ,7.116628218723786 ,7.250934254792546 ,49
2017-08-22,162.55,162.79 ,159.71 ,2.136   ,160.49 ,159.15   ,11261403,20170822,1        ,6.746798000953636 ,6.694433050588928 ,50
2017-08-23,165.8 ,166.25 ,160.85 ,1.999   ,161.2  ,162.55   ,14487996,20170823,2        ,6.779134929614892 ,6.748540380776672 ,51
2017-08-24,165.19,167.28 ,164.12 ,-0.368  ,167.1  ,165.8    ,11742501,20170824,3        ,6.591650011226589 ,6.479264777681263 ,52
2017-08-25,163.81,166.58 ,163.55 ,-0.835  ,166.17 ,165.19   ,8930022 ,20170825,4        ,6.265968740067927 ,6.019160099885965 ,53
2017-08-28,164.97,165.1  ,162.33 ,0.708   ,164.58 ,163.81   ,9737393 ,20170828,0        ,5.954688749384062 ,5.5977778586755855,54
2017-08-29,164.7 ,165.58 ,162.26 ,-0.164  ,162.59 ,164.97   ,8102357 ,20170829,1        ,5.714014307265558 ,5.293973610624896 ,55
2017-08-30,165.68,166.13 ,164.27 ,0.595   ,165.5  ,164.7    ,9610039 ,20170830,2        ,5.362111073202409 ,4.835979112693136 ,56
2017-08-31,169.44,169.6  ,166.2  ,2.269   ,166.5  ,165.68   ,15317105,20170831,3        ,5.319933362807595 ,4.844517353217735 ,57
2017-09-01,170.46,171.9  ,169.6  ,0.602   ,169.95 ,169.44   ,11135787,20170901,4        ,5.402054280571024 ,5.027954554358093 ,58
2017-09-05,165.91,168.58 ,163.56 ,-2.669  ,168.38 ,170.46   ,17417392,20170905,1        ,5.445647061904423 ,5.141581827074282 ,59
2017-09-06,165.81,167.8  ,164.4  ,-0.06   ,167.24 ,165.91   ,9941783 ,20170906,2        ,5.501664580523697 ,5.264057399974249 ,60
2017-09-07,166.58,167.89 ,164.95 ,0.464   ,166.49 ,165.81   ,8821702 ,20170907,3        ,5.268152165861352 ,4.954139621323593 ,61
2017-09-08,163.69,166.71 ,162.71 ,-1.735  ,166.11 ,166.58   ,12471422,20170908,4        ,5.152580429657132 ,4.826905542447297 ,62
2017-09-11,168.93,169.43 ,165.33 ,3.201   ,165.61 ,163.69   ,14186078,20170911,0        ,5.05667616717061  ,4.7299745941434175,63
2017-09-12,169.61,169.78 ,166.99 ,0.403   ,169.78 ,168.93   ,10287203,20170912,1        ,5.150806655232821 ,4.911327869248804 ,64
2017-09-13,170.37,171.54 ,167.28 ,0.448   ,168.59 ,169.61   ,14504223,20170913,2        ,5.069673821089412 ,4.824477282491937 ,65
2017-09-14,169.4 ,172.56 ,167.95 ,-0.569  ,168.68 ,170.37   ,12842837,20170914,3        ,5.027814744706869 ,4.795878350662483 ,66
2017-09-15,180.44,180.1  ,172.71 ,6.517   ,172.88 ,169.4    ,34119764,20170915,4        ,5.45594208099531  ,5.453800331837531 ,67
2017-09-18,187.59,191.19 ,184.87 ,3.963   ,185.17 ,180.44   ,42111516,20170918,0        ,6.942927586821271 ,7.632072465302489 ,68
2017-09-19,187.34,189.85 ,184.68 ,-0.133  ,185.54 ,187.59   ,21856994,20170919,1        ,7.16749124598583  ,7.869140050733658 ,69
2017-09-20,185.84,189.42 ,184.21 ,-0.801  ,187.5  ,187.34   ,17419580,20170920,2        ,6.989332414745233 ,7.514574328983188 ,70
2017-09-21,180.94,182.68 ,177.61 ,-2.637  ,181.51 ,185.84   ,26889994,20170921,3        ,7.238745016141248 ,7.809974321324746 ,71
2017-09-22,179.0 ,182.31 ,178.6  ,-1.072  ,180.3  ,180.94   ,12263212,20170922,4        ,7.2388592142237185,7.733975537095333 ,72
2017-09-25,171.0 ,177.8  ,170.16 ,-4.469  ,177.75 ,179.0    ,21828096,20170925,0        ,7.561059759307455 ,8.140122358906833 ,73
2017-09-26,172.48,178.65 ,170.38 ,0.865   ,176.38 ,171.0    ,1255940 ,20170926,1        ,7.657402801531903 ,8.204107440708386 ,74
2017-09-27,175.75,176.27 ,172.78 ,1.896   ,175.61 ,172.48   ,892024  ,20170927,2        ,7.440210944700626 ,7.81288571612687  ,75
2017-09-28,175.77,176.08 ,173.82 ,0.011   ,176.08 ,175.75   ,645304  ,20170928,3        ,7.0908738681918555,7.2511584132495805,76
2017-09-29,178.68,179.71 ,177.26 ,1.656   ,179.36 ,175.77   ,610435  ,20170929,4        ,6.8060807423947125,6.812331057624087 ,77
2017-10-02,178.9 ,181.97 ,177.01 ,0.123   ,181.11 ,178.68   ,642465  ,20171002,0        ,6.75095288918443  ,6.730685911423142 ,78
2017-10-03,179.42,180.55 ,177.6  ,0.291   ,179.3  ,178.9    ,396212  ,20171003,1        ,6.4052429467382686,6.226589077815851 ,79
2017-10-04,180.81,181.74 ,178.15 ,0.775   ,179.45 ,179.42   ,498100  ,20171004,2        ,6.149198135713225 ,5.87504061653184  ,80
2017-10-05,180.72,181.9  ,179.58 ,-0.05   ,181.89 ,180.81   ,504554  ,20171005,3        ,5.815500035201395 ,5.4223649063981005,81
2017-10-06,181.29,181.83 ,179.02 ,0.315   ,179.11 ,180.72   ,501782  ,20171006,4        ,5.542172507860564 ,5.0740471661914945,82
2017-10-09,185.41,186.72 ,182.05 ,2.273   ,182.79 ,181.29   ,501460  ,20171009,0        ,5.583807071489133 ,5.197508287233217 ,83
2017-10-10,188.79,192.94 ,187.29 ,1.823   ,191.5  ,185.41   ,1019231 ,20171010,1        ,6.135446371564202 ,6.057845004052037 ,84
2017-10-11,190.92,190.99 ,187.76 ,1.128   ,189.51 ,188.79   ,13237734,20171011,2        ,6.084937328191118 ,5.9941320487686385,85
2017-10-12,191.1 ,193.09 ,189.97 ,0.094   ,191.13 ,190.92   ,13207315,20171012,3        ,5.922629637595769 ,5.768246890443501 ,86
2017-10-13,194.6 ,195.0  ,191.69 ,1.832   ,193.51 ,191.1    ,15718233,20171013,4        ,5.755079694149974 ,5.543146540581157 ,87
2017-10-16,197.92,198.04 ,193.27 ,1.706   ,195.64 ,194.6    ,14415958,20171016,0        ,5.862822028761156 ,5.7293942166886795,88
2017-10-17,197.73,198.89 ,196.35 ,-0.096  ,197.27 ,197.92   ,11964867,20171017,1        ,5.719811290944321 ,5.53747449823452  ,89
2017-10-18,197.2 ,198.05 ,193.33 ,-0.268  ,198.05 ,197.73   ,14182907,20171018,2        ,5.62890380057213  ,5.428477657504679 ,90
2017-10-19,197.74,197.99 ,192.51 ,0.274   ,194.54 ,197.2    ,568765  ,20171019,3        ,5.615364985452214 ,5.435347316332902 ,91
2017-10-20,196.65,199.55 ,196.54 ,-0.551  ,199.02 ,197.74   ,455920  ,20171020,4        ,5.378480125238107 ,5.1119671371752355,92
2017-10-23,196.96,198.84 ,195.83 ,0.158   ,197.63 ,196.65   ,10717376,20171023,0        ,5.163136066748832 ,4.831704448887122 ,93
2017-10-24,198.68,198.75 ,195.94 ,0.873   ,196.99 ,196.96   ,10103775,20171024,1        ,4.94918960268035  ,4.562143519495907 ,94
2017-10-25,193.66,199.22 ,191.17 ,-2.527  ,197.08 ,198.68   ,20679872,20171025,2        ,5.231111409331636 ,5.027191552918072 ,95
2017-10-26,195.69,196.16 ,193.81 ,1.048   ,194.78 ,193.66   ,8068563 ,20171026,3        ,5.198279928364863 ,5.0062326595610935,96
2017-10-27,201.86,201.87 ,196.75 ,3.153   ,197.8  ,195.69   ,14304835,20171027,4        ,5.472096704499438 ,5.433401985107124 ,97
2017-10-30,203.84,206.09 ,201.22 ,0.981   ,201.86 ,201.86   ,12601417,20171030,0        ,5.920123675719006 ,6.095615519726637 ,98
2017-10-31,206.81,207.89 ,204.9  ,1.457   ,205.13 ,203.84   ,10297707,20171031,1        ,5.930113157365704 ,6.086866778427822 ,99
2017-11-01,207.2 ,209.97 ,204.6  ,0.189   ,209.35 ,206.81   ,12564446,20171101,2        ,5.948285887348056 ,6.092617877677013 ,100
2017-11-02,205.94,207.81 ,203.65 ,-0.608  ,206.0  ,207.2    ,8557738 ,20171102,3        ,5.785704692778582 ,5.834935375955104 ,101
2017-11-03,208.69,208.69 ,205.34 ,1.335   ,207.2  ,205.94   ,8841024 ,20171103,4        ,5.564264920605925 ,5.503610527632667 ,102
2017-11-06,209.63,209.98 ,206.7  ,0.45    ,207.2  ,208.69   ,9748616 ,20171106,0        ,5.425688514056644 ,5.3084623901415195,103
2017-11-07,212.03,212.9  ,210.056,1.145   ,210.55 ,209.63   ,10692542,20171107,1        ,5.315166396553732 ,5.162000694451576 ,104
2017-11-08,209.16,212.0  ,207.24 ,-1.354  ,211.85 ,212.03   ,13074705,20171108,2        ,5.264694656743864 ,5.108400588006827 ,105
2017-11-09,205.32,206.33 ,200.37 ,-1.836  ,205.27 ,209.16   ,24464067,20171109,3        ,5.846107702061882 ,5.981947371913713 ,106
2017-11-10,216.14,218.67 ,211.63 ,5.27    ,213.08 ,205.32   ,31331374,20171110,4        ,6.1792000960472055,6.452354480298008 ,107
2017-11-13,212.63,217.17 ,212.01 ,-1.624  ,216.14 ,216.14   ,14559413,20171113,0        ,6.694743225855554 ,7.172040670657359 ,108
2017-11-14,214.18,214.8  ,211.23 ,0.729   ,213.0  ,212.63   ,13232319,20171114,1        ,6.532489302272376 ,6.870435203931735 ,109
2017-11-15,209.98,212.0  ,207.8  ,-1.961  ,211.95 ,214.18   ,12548731,20171115,2        ,6.377713610980063 ,6.598377142365744 ,110
2017-11-16,211.61,214.2  ,211.25 ,0.776   ,212.98 ,209.98   ,11044183,20171116,3        ,6.066096077590315 ,6.111926803448172 ,111
2017-11-17,211.36,215.35 ,210.75 ,-0.118  ,213.92 ,211.61   ,12891568,20171117,4        ,6.002813285805698 ,6.013003220266789 ,112
2017-11-20,214.08,214.57 ,210.5  ,1.287   ,211.99 ,211.36   ,9902511 ,20171120,0        ,5.827099629415283 ,5.753936102922813 ,113
2017-11-21,216.05,216.52 ,214.4  ,0.92    ,215.69 ,214.08   ,9979358 ,20171121,1        ,5.766453155029689 ,5.674744616888032 ,114
2017-11-22,214.93,217.0  ,213.61 ,-0.518  ,217.0  ,216.05   ,8915998 ,20171122,2        ,5.550408547252    ,5.370111982482975 ,115
2017-11-24,216.96,217.0  ,214.6  ,0.944   ,215.59 ,214.93   ,4518800 ,20171124,4        ,5.264003658388557 ,4.974097030281797 ,116
2017-11-27,214.18,217.35 ,214.01 ,-1.281  ,217.35 ,216.96   ,347049  ,20171127,0        ,5.089091952024235 ,4.756217416133935 ,117
2017-11-28,210.71,214.73 ,208.24 ,-1.62   ,214.35 ,214.18   ,12818804,20171128,1        ,5.419178418340701 ,5.284721781903756 ,118
2017-11-29,196.42,210.12 ,191.23 ,-6.782  ,210.01 ,210.71   ,34919741,20171129,2        ,7.012906661859005 ,7.640092293077073 ,119
2017-11-30,200.71,202.68 ,196.65 ,2.184   ,199.2  ,196.42   ,20594199,20171130,3        ,7.653557792907646 ,8.496080013190035 ,120
2017-12-01,197.68,200.13 ,192.47 ,-1.51   ,199.31 ,200.71   ,20288748,20171201,4        ,7.6541434533186745,8.384602675179648 ,121
2017-12-04,186.66,200.3  ,184.5  ,-5.575  ,200.05 ,197.68   ,31021123,20171204,0        ,8.43195489731427  ,9.427989008828668 ,122
2017-12-05,187.74,192.7  ,180.58 ,0.579   ,182.4  ,186.66   ,24537194,20171205,1        ,9.219964803046238 ,10.450923827765939,123
2017-12-06,189.26,190.14 ,184.84 ,0.81    ,185.7  ,187.74   ,11675760,20171206,2        ,8.863601979656686 ,9.764133972359778 ,124
2017-12-07,191.99,193.6  ,190.12 ,1.442   ,191.96 ,189.26   ,13564988,20171207,3        ,8.59054559168604  ,9.243582768356886 ,125
2017-12-08,191.49,194.78 ,191.15 ,-0.26   ,194.01 ,191.99   ,11671856,20171208,4        ,8.311403538259263 ,8.747105059554297 ,126
2017-12-11,194.66,194.78 ,191.42 ,1.655   ,192.06 ,191.49   ,9318741 ,20171211,0        ,7.8612736788412025,8.028824376978823 ,127
2017-12-12,190.84,193.84 ,189.89 ,-1.962  ,192.9  ,194.66   ,11375445,20171212,1        ,7.5057017178372245,7.484981121486282 ,128
2017-12-13,186.18,192.55 ,185.88 ,-2.442  ,192.5  ,190.84   ,13856992,20171213,2        ,7.621547497976119 ,7.6576503067268735,129
2017-12-14,186.47,189.34 ,184.6  ,0.156   ,185.92 ,186.18   ,10954056,20171214,3        ,7.495951796062994 ,7.468630264464968 ,130
2017-12-15,191.56,192.38 ,185.62 ,2.73    ,188.25 ,186.47   ,16750878,20171215,4        ,7.429046857385117 ,7.374146228611634 ,131
2017-12-18,197.9 ,198.02 ,192.0  ,3.31    ,193.2  ,191.56   ,11942558,20171218,0        ,7.803680131780229 ,7.930926734483452 ,132
2017-12-19,196.11,197.73 ,194.96 ,-0.904  ,197.52 ,197.9    ,9327493 ,20171219,1        ,7.6551633343160645,7.696136502115262 ,133
2017-12-20,196.8 ,198.07 ,194.55 ,0.352   ,197.7  ,196.11   ,7220456 ,20171220,2        ,7.279238424124785 ,7.139318299564688 ,134
2017-12-21,195.89,197.95 ,195.55 ,-0.462  ,196.94 ,196.8    ,7522626 ,20171221,3        ,6.835670253408464 ,6.5074091907248555,135
2017-12-22,195.27,195.65 ,191.25 ,-0.317  ,194.4  ,195.89   ,11656871,20171222,4        ,6.71879089003725  ,6.3797546315709095,136
2017-12-26,197.44,197.75 ,191.82 ,1.111   ,193.03 ,195.27   ,8877033 ,20171226,1        ,6.64708248818982  ,6.319787347202417 ,137
2017-12-27,197.17,199.97 ,196.31 ,-0.137  ,196.9  ,197.44   ,8237223 ,20171227,2        ,6.470074677080509 ,6.103815700412349 ,138
2017-12-28,197.4 ,199.38 ,197.15 ,0.117   ,198.13 ,197.17   ,6006248 ,20171228,3        ,6.0846127247761   ,5.5873069393284736,139
2017-12-29,193.5 ,198.46 ,193.5  ,-1.976  ,198.46 ,197.4    ,6999116 ,20171229,4        ,5.982375055322674 ,5.503666013940279 ,140
2018-01-02,199.35,199.5  ,194.5  ,3.023   ,195.78 ,193.5    ,8890417 ,20180102,1        ,5.893068113773603 ,5.4365105453144285,141
2018-01-03,212.47,213.7  ,203.75 ,4.101   ,204.1  ,204.1    ,22867591,20180103,2        ,7.193699852001129 ,7.404975808491729 ,142
2018-01-04,213.59,218.05 ,212.69 ,0.527   ,215.76 ,212.47   ,14581720,20180104,3        ,7.807909628985102 ,8.277645701673562 ,143
2018-01-05,215.4 ,216.91 ,211.08 ,0.847   ,214.19 ,213.59   ,14503103,20180105,4        ,7.6280994837047364,7.951292941132555 ,144
2018-01-08,222.0 ,225.0  ,218.58 ,3.064   ,220.4  ,215.4    ,22030422,20180108,0        ,7.971908932711196 ,8.412453882704149 ,145
2018-01-09,221.94,223.82 ,218.64 ,-0.027  ,222.22 ,222.0    ,12424995,20180109,1        ,8.01264451779867  ,8.413460031677651 ,146
2018-01-10,224.4 ,223.8  ,216.0  ,1.108   ,218.21 ,221.94   ,386926  ,20180110,2        ,7.993313183539586 ,8.331665360735439 ,147
2018-01-11,224.08,226.27 ,223.21 ,-0.143  ,225.0  ,224.4    ,10150767,20180111,3        ,7.660284485859107 ,7.798109979010861 ,148
2018-01-12,222.98,224.99 ,221.34 ,-0.491  ,223.6  ,224.08   ,8997902 ,20180112,4        ,7.2957129436011865,7.2450286482126875,149
2018-01-16,220.11,227.51 ,216.69 ,-1.287  ,224.05 ,222.98   ,17558687,20180116,1        ,7.616102856047036 ,7.721691495314395 ,150
2018-01-17,224.72,225.12 ,216.9  ,2.094   ,220.7  ,220.11   ,13460222,20180117,2        ,7.671002624453135 ,7.788132629296242 ,151
2018-01-18,224.44,226.64 ,222.68 ,-0.125  ,223.94 ,224.72   ,10215841,20180118,3        ,7.567275064965137 ,7.620381612004729 ,152
2018-01-19,230.11,231.09 ,227.0  ,2.526   ,228.09 ,224.44   ,15234486,20180119,4        ,7.458431831286547 ,7.45366406369264  ,153
2018-01-22,233.69,233.76 ,228.1  ,1.556   ,230.43 ,230.11   ,13773561,20180122,0        ,7.627665366125727 ,7.702508855258227 ,154
2018-01-23,238.91,239.83 ,235.1  ,2.234   ,235.85 ,233.69   ,11880705,20180123,1        ,7.81787767194005  ,7.97150767461141  ,155
2018-01-24,235.8 ,240.49 ,233.55 ,-1.302  ,239.04 ,238.91   ,14499309,20180124,2        ,7.7380705855388925,7.833973317972501 ,156
2018-01-25,236.35,239.75 ,235.75 ,0.233   ,238.0  ,235.8    ,10247091,20180125,3        ,7.398245888857012 ,7.322776875498683 ,157
2018-01-26,243.33,243.34 ,237.6  ,2.953   ,238.12 ,236.35   ,12908854,20180126,4        ,7.411132629612006 ,7.3517399587693255,158
2018-01-29,246.85,248.11 ,240.61 ,1.447   ,242.74 ,243.33   ,11377853,20180129,0        ,7.806484302960542 ,7.939507964333665 ,159
2018-01-30,242.72,246.42 ,238.41 ,-1.673  ,241.11 ,246.85   ,14270844,20180130,1        ,7.824985733972639 ,7.9489069024234364,160
2018-01-31,245.8 ,249.27 ,244.45 ,1.269   ,245.77 ,242.72   ,11964444,20180131,2        ,7.551805158895892 ,7.5317193153979725,161
2018-02-01,240.5 ,246.9  ,238.06 ,-2.156  ,238.52 ,245.8    ,12980572,20180201,3        ,7.668913801783619 ,7.706156740024505 ,162
2018-02-02,233.52,237.97 ,231.17 ,-2.902  ,237.0  ,240.5    ,17961555,20180202,4        ,8.301739922814397 ,8.629335841413875 ,163
2018-02-05,213.7 ,233.23 ,205.0  ,-8.487  ,227.0  ,233.52   ,29130140,20180205,0        ,10.774309386634505,12.21209106275814 ,164
2018-02-06,225.58,225.7  ,204.0  ,5.559   ,204.4  ,213.7    ,27870031,20180206,1        ,12.478463308015899,14.519812254501732,165
2018-02-07,228.8 ,234.97 ,226.7  ,1.427   ,229.58 ,225.58   ,20073316,20180207,2        ,13.277694014122906,15.419837287272463,166
2018-02-08,217.52,235.22 ,217.51 ,-4.93   ,233.88 ,228.8    ,28599976,20180208,3        ,13.680630966728675,15.7251923156472  ,167
2018-02-09,232.08,238.89 ,217.52 ,6.694   ,238.25 ,217.52   ,41865077,20180209,4        ,14.37966458586148 ,16.477833340251205,168
2018-02-12,226.6 ,235.44 ,225.07 ,-2.361  ,235.05 ,232.08   ,631576  ,20180212,0        ,14.701513289447059,16.67012222822293 ,169
2018-02-13,232.63,234.5  ,225.25 ,2.661   ,226.56 ,226.6    ,15638119,20180213,1        ,14.205921130826988,15.680772597769868,170
2018-02-14,241.42,242.59 ,230.55 ,3.779   ,231.0  ,232.63   ,18624749,20180214,2        ,14.368110131249905,15.72200291806806 ,171
2018-02-15,246.5 ,248.37 ,241.52 ,2.104   ,244.785,241.42   ,17472515,20180215,3        ,14.492827400655147,15.724402528992359,172
2018-02-16,243.84,250.0  ,243.47 ,-1.079  ,245.4  ,246.5    ,15941426,20180216,4        ,13.955297603224638,14.771815525112077,173
2018-02-20,249.08,251.87 ,244.6  ,2.149   ,244.75 ,243.84   ,17155962,20180220,1        ,13.347543240984425,13.771573455083823,174
2018-02-21,241.51,251.967,241.36 ,-3.039  ,251.69 ,249.08   ,22307344,20180221,2        ,13.098402933427428,13.349630327734445,175
2018-02-22,242.15,245.63 ,239.5  ,0.265   ,242.73 ,241.51   ,13359133,20180222,3        ,12.778548106216057,12.847012950698169,176
2018-02-23,245.93,245.93 ,242.52 ,1.561   ,244.57 ,242.15   ,10382510,20180223,4        ,12.018680063988361,11.723411223928675,177
2018-02-26,246.58,247.98 ,244.06 ,0.264   ,247.8  ,245.93   ,11732844,20180226,0        ,11.456072763520213,10.937623060732276,178
2018-02-27,246.06,248.91 ,245.13 ,-0.211  ,245.5  ,246.58   ,11385899,20180227,1        ,10.758247942115725,9.983273319295096 ,179
2018-02-28,242.0 ,248.1  ,241.53 ,-1.65   ,246.5  ,246.06   ,13077878,20180228,2        ,10.377498116934046,9.528170210053183 ,180
2018-03-01,232.21,244.09 ,228.125,-4.045  ,241.91 ,242.0    ,26002972,20180301,3        ,11.064543762782172,10.64908084871824 ,181
2018-03-02,236.54,236.8  ,221.85 ,1.865   ,227.86 ,232.21   ,22835685,20180302,4        ,11.890494351785268,11.915870068894511,182
2018-03-05,235.65,237.25 ,229.52 ,-0.376  ,234.51 ,236.54   ,15519413,20180305,0        ,11.512267583380435,11.357754059706526,183
2018-03-06,242.16,242.94 ,237.36 ,2.763   ,239.1  ,235.65   ,15920243,20180306,1        ,11.0475159746684  ,10.69672018507688 ,184
2018-03-07,241.84,243.95 ,237.95 ,-0.132  ,238.0  ,242.16   ,14530226,20180307,2        ,10.7977417901584  ,10.377157493732403,185
2018-03-08,241.18,242.95 ,239.39 ,-0.273  ,242.95 ,241.84   ,10297761,20180308,3        ,10.139765251819066,9.468203161232577 ,186
2018-03-09,245.33,245.85 ,242.45 ,1.721   ,243.1  ,241.18   ,12638148,20180309,4        ,9.582513856080762 ,8.740442739733389 ,187
2018-03-12,251.74,253.0  ,246.87 ,2.613   ,246.99 ,245.33   ,511679  ,20180312,0        ,9.785921690402121 ,9.151050374436336 ,188
2018-03-13,247.71,254.5  ,246.04 ,-1.601  ,251.49 ,251.74   ,15494309,20180313,1        ,9.729928808691717 ,9.153576991178161 ,189
2018-03-14,248.74,250.55 ,246.22 ,0.416   ,249.45 ,247.71   ,12637361,20180314,2        ,9.34720800314954  ,8.669100059020431 ,190
2018-03-15,249.34,252.62 ,247.64 ,0.241   ,249.29 ,248.74   ,10048837,20180315,3        ,8.95018908929089  ,8.177220051150469 ,191
2018-03-16,250.48,251.25 ,248.48 ,0.457   ,250.0  ,249.34   ,9986432 ,20180316,4        ,8.388353711771886 ,7.456257377663011 ,192
2018-03-19,238.99,249.21 ,237.81 ,-4.587  ,248.18 ,250.48   ,885695  ,20180319,0        ,8.67395792245693  ,7.999423060641757 ,193
2018-03-20,249.58,251.15 ,241.12 ,4.431   ,241.12 ,238.99   ,13867409,20180320,1        ,8.797234476006304 ,8.270166652556394 ,194
2018-03-21,250.5 ,251.53 ,247.33 ,0.369   ,249.38 ,249.58   ,501662  ,20180321,2        ,9.137485889901669 ,8.839477765549244 ,195
2018-03-22,241.85,247.88 ,240.34 ,-3.453  ,246.0  ,250.5    ,13779919,20180322,3        ,9.146805354521387 ,8.892880730142718 ,196
2018-03-23,232.97,242.67 ,232.52 ,-3.672  ,242.4  ,241.85   ,18390461,20180323,4        ,9.949823054681406 ,10.10449663279096 ,197
2018-03-26,244.48,244.53 ,235.9  ,4.941   ,238.0  ,232.97   ,15285640,20180326,0        ,9.82983913992447  ,9.90789708175208  ,198
2018-03-27,225.52,250.0  ,219.845,-7.755  ,247.75 ,244.48   ,35225012,20180327,1        ,11.67758104602478 ,12.60751080418614 ,199
2018-03-28,221.35,229.39 ,217.0  ,-1.849  ,224.13 ,225.52   ,23647648,20180328,2        ,13.114164594172292,14.590509363628634,200
2018-03-29,231.59,235.5  ,220.7  ,4.626   ,224.105,221.35   ,22915692,20180329,3        ,13.267422359005408,14.618441448478158,201
2018-04-02,221.05,234.65 ,217.5  ,-4.551  ,228.74 ,231.59   ,23052315,20180402,0        ,13.6203839641286  ,14.955982588681152,202
2018-04-03,225.35,230.35 ,221.35 ,1.945   ,227.8  ,221.05   ,16685759,20180403,1        ,13.313076329920738,14.327184910190201,203
2018-04-04,226.24,226.66 ,214.0  ,0.395   ,215.01 ,225.35   ,19729161,20180404,2        ,13.253705754279279,14.104893588831468,204
2018-04-05,220.89,228.98 ,218.79 ,-2.365  ,228.23 ,226.24   ,1036930 ,20180405,3        ,12.975187048516931,13.58290777698719 ,205
2018-04-06,214.25,221.6  ,213.07 ,-3.006  ,217.23 ,220.89   ,16574720,20180406,4        ,12.992897316881434,13.52785340672223 ,206
2018-04-09,215.41,221.97 ,214.6  ,0.541   ,216.8  ,214.25   ,12488120,20180409,0        ,12.481724832272869,12.706806285825836,207
2018-04-10,227.91,229.0  ,222.41 ,5.803   ,224.72 ,215.41   ,19118807,20180410,1        ,12.687931666163106,12.97923211438241 ,208
2018-04-11,226.22,228.96 ,224.96 ,-0.742  ,227.31 ,227.91   ,646730  ,20180411,2        ,12.766301514852834,13.055334499131423,209
2018-04-12,234.6 ,235.32 ,228.215,3.704   ,230.0  ,226.22   ,14847950,20180412,3        ,12.27936501260387 ,12.3026232325805  ,210
2018-04-13,231.5 ,237.51 ,229.55 ,-1.321  ,237.17 ,234.6    ,12575892,20180413,4        ,12.189422738579877,12.167606801569748,211
2018-04-16,231.49,232.84 ,227.68 ,-0.004  ,231.77 ,231.5    ,8769776 ,20180416,0        ,11.710384307069203,11.467925894693739,212
2018-04-17,237.54,238.35 ,231.44 ,2.614   ,233.57 ,231.49   ,462604  ,20180417,1        ,11.273985733094145,10.860202442067877,213
2018-04-18,236.4 ,239.2  ,232.82 ,-0.48   ,235.51 ,237.54   ,439576  ,20180418,2        ,10.949987029677153,10.440175449792136,214
2018-04-19,229.04,233.1  ,226.8  ,-3.113  ,231.745,236.4    ,11799933,20180419,3        ,10.93089729968463 ,10.480152056486524,215
2018-04-20,229.72,232.0  ,227.83 ,0.297   ,228.74 ,229.04   ,325989  ,20180420,4        ,10.716270272216976,10.225465115621649,216
2018-04-23,223.88,231.5  ,222.83 ,-2.542  ,229.43 ,229.72   ,10687723,20180423,0        ,10.530245701839249,10.018069766872088,217
2018-04-24,221.2 ,228.8  ,218.56 ,-1.197  ,224.92 ,223.88   ,10364894,20180424,1        ,10.58749609263043 ,10.17032713128915 ,218
2018-04-25,216.66,221.575,210.3  ,-2.052  ,220.0  ,221.2    ,14712343,20180425,2        ,10.859541902604237,10.624950180450607,219
2018-04-26,224.47,224.51 ,220.64 ,3.605   ,223.21 ,216.66   ,310487  ,20180426,3        ,10.224129001915347,9.724290156390511 ,220
2018-04-27,226.33,230.3  ,224.62 ,0.829   ,229.5  ,224.47   ,10021245,20180427,4        ,10.534662729214826,10.24638480220511 ,221
2018-04-30,224.9 ,229.0  ,224.12 ,-0.632  ,226.99 ,226.33   ,8196067 ,20180430,0        ,10.020602480802081,9.530866828577752 ,222
2018-05-01,224.67,225.37 ,222.21 ,-0.102  ,224.34 ,224.9    ,252461  ,20180501,1        ,9.484184073169665 ,8.809417918100714 ,223
2018-05-02,226.31,228.8  ,225.25 ,0.73    ,227.0  ,224.67   ,6706185 ,20180502,2        ,8.976530975362056 ,8.154828862353938 ,224
2018-05-03,232.99,234.05 ,225.77 ,2.952   ,227.6  ,226.31   ,11078640,20180503,3        ,9.013209977618072 ,8.318185014040077 ,225
2018-05-04,239.06,239.189,231.13 ,2.605   ,231.83 ,232.99   ,10016538,20180504,4        ,9.364645434339403 ,8.926293678834737 ,226
2018-05-07,248.68,250.99 ,242.89 ,4.024   ,243.295,239.06   ,17190378,20180507,0        ,10.149677667867921,10.136121188323436,227
2018-05-08,250.4 ,250.51 ,246.71 ,0.692   ,248.69 ,248.68   ,12665374,20180508,1        ,10.267888789010074,10.311305029880307,228
2018-05-09,255.78,255.87 ,250.11 ,2.149   ,251.21 ,250.4    ,14918980,20180509,2        ,9.988080717197445 ,9.89513102589626  ,229
2018-05-10,260.13,260.5  ,257.2  ,1.701   ,257.92 ,255.78   ,24852029,20180510,3        ,9.998255197455007 ,9.922446889110084 ,230
2018-05-11,254.53,259.79 ,250.54 ,-2.153  ,252.78 ,260.13   ,30361406,20180511,4        ,9.930231997669408 ,9.83278730389541  ,231
2018-05-14,255.36,258.49 ,254.4  ,0.326   ,256.07 ,254.53   ,13078477,20180514,0        ,9.548392725067433 ,9.285748996709353 ,232
2018-05-15,245.56,252.9  ,241.5  ,-3.838  ,252.79 ,255.36   ,24088210,20180515,1        ,9.864902477399271 ,9.784982463814778 ,233
2018-05-16,246.01,248.52 ,242.51 ,0.183   ,244.0  ,245.56   ,13845706,20180516,2        ,10.136274979504737,10.193651468639482,234
2018-05-17,247.71,251.5  ,245.43 ,0.691   ,246.08 ,246.01   ,12994605,20180517,3        ,9.76661361766861  ,9.643831272820883 ,235
2018-05-18,245.94,252.37 ,245.74 ,-0.715  ,249.81 ,247.71   ,12092942,20180518,4        ,9.481466925109125 ,9.241987103111432 ,236
2018-05-21,244.24,250.03 ,240.49 ,-0.691  ,249.88 ,245.94   ,16015620,20180521,0        ,9.486788113736317 ,9.281722156029907 ,237
2018-05-22,242.7 ,245.8  ,240.25 ,-0.631  ,244.78 ,244.24   ,12946631,20180522,1        ,9.141625557897935 ,8.802825868559257 ,238
2018-05-23,247.54,247.59 ,240.25 ,1.994   ,240.28 ,242.7    ,11073926,20180523,2        ,8.977841416251794 ,8.607782419418024 ,239
2018-05-24,247.69,249.4  ,245.24 ,0.061   ,247.39 ,247.54   ,10934295,20180524,3        ,8.770764923843362 ,8.353411430162286 ,240
2018-05-25,249.28,249.94 ,246.76 ,0.642   ,248.2  ,247.69   ,7302782 ,20180525,4        ,8.26251356708146  ,7.663623239473981 ,241
2018-05-29,248.59,251.34 ,246.7  ,-0.277  ,248.55 ,249.28   ,8817083 ,20180529,1        ,7.93319415186345  ,7.2604734742107855,242
2018-05-30,252.99,253.34 ,248.95 ,1.77    ,249.95 ,248.59   ,9774864 ,20180530,2        ,7.611085592577541 ,6.877743677649349 ,243
2018-05-31,252.19,255.2  ,251.27 ,-0.316  ,251.7  ,252.99   ,12346709,20180531,3        ,7.520077811427552 ,6.842044520629433 ,244
2018-06-01,257.62,257.87 ,253.65 ,2.153   ,254.0  ,252.19   ,10549248,20180601,4        ,7.280070737645646 ,6.5804385845455045,245
2018-06-04,264.85,265.74 ,257.7  ,2.806   ,259.0  ,257.62   ,16050641,20180604,0        ,7.8500643069846205,7.509713439939438 ,246
2018-06-05,265.09,266.53 ,263.22 ,0.091   ,264.85 ,264.85   ,345626  ,20180605,1        ,7.946422097263973 ,7.696418314614176 ,247
2018-06-06,265.15,265.28 ,260.77 ,0.023   ,261.43 ,265.09   ,9283856 ,20180606,2        ,7.634020088406378 ,7.271562539332284 ,248
2018-06-07,262.9 ,265.478,259.25 ,-0.849  ,265.0  ,265.15   ,9236216 ,20180607,3        ,7.506200080363702 ,7.132420867421314 ,249
2018-06-08,262.28,264.0  ,259.2  ,-0.236  ,259.96 ,262.9    ,9011443 ,20180608,4        ,7.364727345779419 ,6.974764751765146 ,250
2018-06-11,260.62,263.45 ,260.1  ,-0.633  ,261.77 ,262.28   ,6634253 ,20180611,0        ,6.999752132513211 ,6.4914627848631214,251
2018-06-12,262.58,263.07 ,259.66 ,0.752   ,261.69 ,260.62   ,7978985 ,20180612,1        ,6.673411029546463 ,6.0806010802147   ,252
2018-06-13,262.4 ,265.67 ,262.03 ,-0.069  ,262.64 ,262.58   ,8455159 ,20180613,2        ,6.525828208674082 ,5.943187602852741 ,253
2018-06-14,266.97,269.19 ,263.68 ,1.742   ,264.3  ,262.4    ,450938  ,20180614,3        ,6.533480189703921 ,6.03209592247237  ,254
2018-06-15,265.26,267.48 ,263.348,-0.641  ,264.6  ,266.97   ,10806488,20180615,4        ,6.4013456270002225,5.9051497994760584,255
2018-06-18,265.09,265.8  ,262.38 ,-0.064  ,263.48 ,265.26   ,8906674 ,20180618,0        ,6.2366778427236875,5.729796492879254 ,256
2018-06-19,260.17,263.64 ,255.02 ,-1.856  ,260.92 ,265.09   ,14873324,20180619,1        ,6.600616220665512 ,6.331156960495351 ,257
2018-06-20,262.31,264.45 ,260.28 ,0.823   ,261.83 ,260.17   ,9244494 ,20180620,2        ,6.437832927874647 ,6.128336032429312 ,258
2018-06-21,257.13,264.29 ,256.93 ,-1.975  ,263.67 ,262.31   ,307508  ,20180621,3        ,6.521666298069312 ,6.292557894772072 ,259
2018-06-22,250.95,258.49 ,250.33 ,-2.403  ,257.95 ,257.13   ,10853954,20180622,4        ,7.01787845279809  ,7.050883508802469 ,260
2018-06-25,239.12,246.8  ,235.54 ,-4.714  ,246.65 ,250.95   ,16645431,20180625,0        ,8.342616775289926 ,8.989432374295474 ,261
2018-06-26,241.99,245.65 ,239.91 ,1.2     ,243.7  ,239.12   ,11972137,20180626,1        ,8.587833432084938 ,9.26284139105608  ,262
2018-06-27,235.72,246.43 ,235.5  ,-2.591  ,243.75 ,241.99   ,11347303,20180627,2        ,8.80075766553428  ,9.485129205581936 ,263
2018-06-28,240.86,241.34 ,235.01 ,2.181   ,235.32 ,235.72   ,8450297 ,20180628,3        ,8.63523424139303  ,9.151111978171025 ,264
2018-06-29,236.9 ,244.0  ,236.85 ,-1.644  ,243.49 ,240.86   ,9807477 ,20180629,4        ,8.60294021944789  ,9.03496371441488  ,265
2018-07-02,242.24,242.39 ,233.265,2.254   ,234.09 ,236.9    ,8939348 ,20180702,0        ,8.650400199498502 ,9.046968552492896 ,266
2018-07-03,236.84,243.8  ,236.59 ,-2.229  ,243.64 ,242.24   ,213375  ,20180703,1        ,8.519454726815765 ,8.80203941216051  ,267
2018-07-05,242.73,242.93 ,237.5  ,2.487   ,239.07 ,236.84   ,7655448 ,20180705,3        ,8.238595206194091 ,8.352434157205776 ,268
2018-07-06,247.33,247.665,240.88 ,1.895   ,241.74 ,242.73   ,7408822 ,20180706,4        ,8.473722914723464 ,8.682109602911662 ,269
2018-07-09,249.25,250.72 ,246.07 ,0.776   ,250.33 ,247.33   ,7597022 ,20180709,0        ,8.429748104293793 ,8.589828322523443 ,270
2018-07-10,253.25,254.14 ,248.12 ,1.605   ,249.75 ,249.25   ,9000390 ,20180710,1        ,8.282498276629905 ,8.35251787952031  ,271
2018-07-11,247.53,250.9  ,247.1  ,-2.259  ,249.5  ,253.25   ,9187660 ,20180711,2        ,7.874998433297873 ,7.74551549558427  ,272
2018-07-12,251.23,253.17 ,248.96 ,1.495   ,249.36 ,247.53   ,8637673 ,20180712,3        ,7.549089484814766 ,7.284780096173036 ,273
2018-07-13,249.32,251.98 ,247.62 ,-0.76   ,251.98 ,251.23   ,6179078 ,20180713,4        ,7.26735407710316  ,6.906809416683289 ,274
2018-07-16,248.2 ,250.34 ,247.7  ,-0.449  ,248.2  ,249.32   ,4925926 ,20180716,0        ,6.927594615547052 ,6.456568161125521 ,275
2018-07-17,253.69,254.3  ,245.18 ,2.212   ,246.21 ,248.2    ,9053395 ,20180717,1        ,7.126904195952547 ,6.811692406308785 ,276
2018-07-18,251.7 ,253.95 ,249.64 ,-0.784  ,253.39 ,253.69   ,6941041 ,20180718,2        ,7.001731087229199 ,6.670133418800947 ,277
2018-07-19,252.03,253.39 ,250.33 ,0.131   ,250.94 ,251.7    ,5893783 ,20180719,3        ,6.670664624752883 ,6.228782296294156 ,278
2018-07-20,250.89,253.5  ,250.45 ,-0.452  ,251.93 ,252.03   ,5562161 ,20180720,4        ,6.341513295229048 ,5.80494465678827  ,279
2018-07-23,249.41,249.89 ,243.28 ,-0.59   ,249.82 ,250.89   ,7539621 ,20180723,0        ,6.560466632026928 ,6.197618702549845 ,280
2018-07-24,248.71,254.85 ,248.0  ,-0.281  ,251.35 ,249.41   ,8865545 ,20180724,1        ,6.586787847297263 ,6.284602875543198 ,281
2018-07-25,251.87,252.38 ,246.75 ,1.271   ,249.09 ,248.71   ,8004551 ,20180725,2        ,6.499807133906433 ,6.197322492137438 ,282
2018-07-26,254.84,256.33 ,250.38 ,1.179   ,251.06 ,251.87   ,8128128 ,20180726,3        ,6.601642849006023 ,6.387012826519106 ,283
2018-07-27,252.02,256.6  ,249.84 ,-1.107  ,256.32 ,254.84   ,7385535 ,20180727,4        ,6.616038953641865 ,6.436744449649894 ,284
2018-07-30,244.13,252.83 ,242.72 ,-3.131  ,252.59 ,252.02   ,8508539 ,20180730,0        ,7.116399048766061 ,7.194511856363246 ,285
2018-07-31,244.86,247.88 ,242.14 ,0.299   ,243.71 ,244.13   ,7099696 ,20180731,1        ,7.367635498878576 ,7.552576942181491 ,286
2018-08-01,246.47,248.36 ,243.886,0.658   ,246.13 ,244.86   ,7088889 ,20180801,2        ,7.104577726252937 ,7.142100016557294 ,287
2018-08-02,250.62,250.78 ,241.21 ,1.684   ,243.59 ,246.47   ,6741689 ,20180802,3        ,7.32870702386655  ,7.465820014349655 ,288
2018-08-03,252.1 ,253.06 ,250.93 ,0.591   ,251.61 ,250.62   ,5357202 ,20180803,4        ,7.261551839878611 ,7.3490440124363605,289
2018-08-06,254.03,254.17 ,249.706,0.766   ,251.59 ,252.1    ,5187665 ,20180806,0        ,7.007228945343963 ,6.964371477444845 ,290
2018-08-07,256.95,257.7  ,254.92 ,1.149   ,256.0  ,254.03   ,6453260 ,20180807,1        ,6.879299041221676 ,6.782455280452195 ,291
2018-08-08,258.42,260.24 ,255.59 ,0.572   ,257.0  ,256.95   ,6552462 ,20180808,2        ,6.818453673837838 ,6.70612790972523  ,292
2018-08-09,256.46,259.25 ,256.15 ,-0.758  ,259.14 ,258.42   ,5106962 ,20180809,3        ,6.480412430761444 ,6.225310855095202 ,293
2018-08-10,254.79,256.1  ,252.7  ,-0.651  ,253.15 ,256.46   ,6415668 ,20180810,4        ,6.41128402796491  ,6.157936074415845 ,294
2018-08-13,256.12,261.0  ,255.07 ,0.522   ,255.14 ,254.79   ,9380158 ,20180813,0        ,6.367530934513531 ,6.127544597827067 ,295
2018-08-14,261.43,262.0  ,257.02 ,2.073   ,260.38 ,256.12   ,11655486,20180814,1        ,6.444119031375969 ,6.271871984783448 ,296
2018-08-15,259.08,263.639,255.9  ,-0.899  ,262.27 ,261.43   ,14778394,20180815,2        ,6.5618354830691175,6.467489053478989 ,297
2018-08-16,257.44,262.0  ,255.01 ,-0.633  ,261.9  ,259.08   ,20031476,20180816,3        ,6.6007595300628505,6.537157179681791 ,298
2018-08-17,244.82,252.97 ,243.73 ,-4.902  ,252.94 ,257.44   ,28579694,20180817,4        ,7.396145027330168 ,7.712202889057552 ,299
2018-08-20,247.84,253.2  ,238.72 ,1.234   ,243.18 ,244.82   ,21359655,20180820,0        ,8.425586388482335 ,9.179909170516552 ,300
2018-08-21,253.32,253.5  ,247.7  ,2.211   ,248.5  ,247.84   ,16849710,20180821,1        ,8.448714898620311 ,9.113254614447676 ,301
2018-08-22,262.82,263.02 ,251.86 ,3.75    ,252.0  ,253.32   ,18746422,20180822,2        ,9.060649907836817 ,9.922153999187978 ,302
2018-08-23,266.84,269.48 ,260.7  ,1.53    ,261.26 ,262.82   ,18017114,20180823,3        ,9.706045370760913 ,10.753866799296251,303
2018-08-24,272.22,272.81 ,267.0  ,2.016   ,267.18 ,266.84   ,13287762,20180824,4        ,9.73185942796447  ,10.65201789272341 ,304
2018-08-27,275.9 ,278.9  ,272.145,1.352   ,273.42 ,272.22   ,12644437,20180827,0        ,9.943508570876832 ,10.839748840360281,305
2018-08-28,274.38,276.58 ,269.53 ,-0.551  ,275.66 ,275.9    ,11884595,20180828,1        ,9.680462337160705 ,10.334448994978912,306
2018-08-29,278.49,279.5  ,273.08 ,1.498   ,273.92 ,274.38   ,10502741,20180829,2        ,9.384056670146045 ,9.81252246231506  ,307
2018-08-30,277.81,281.717,276.32 ,-0.244  ,277.23 ,278.49   ,8665230 ,20180830,3        ,9.197960609223646 ,9.48245280067305  ,308
2018-08-31,280.68,281.2  ,276.6  ,1.033   ,277.0  ,277.81   ,7664750 ,20180831,4        ,8.779964190203248 ,8.83145909391664  ,309
2018-09-04,283.7 ,285.22 ,279.0  ,1.076   ,280.15 ,280.68   ,9793027 ,20180904,1        ,8.655421991093847 ,8.641931214727759 ,310
2018-09-05,278.42,284.42 ,275.15 ,-1.861  ,282.99 ,283.7    ,9828919 ,20180905,2        ,8.711292719176235 ,8.72567371943073  ,311
2018-09-06,272.72,277.86 ,271.39 ,-2.047  ,277.76 ,278.42   ,8069889 ,20180906,3        ,9.038447926523892 ,9.203583890173308 ,312
2018-09-07,271.86,276.93 ,267.19 ,-0.315  ,269.0  ,272.72   ,7385468 ,20180907,4        ,9.237679933203564 ,9.473772704816877 ,313
2018-09-10,274.73,275.93 ,271.0  ,1.056   ,272.77 ,271.86   ,5503457 ,20180910,0        ,8.84607266654866  ,8.867936344174629 ,314
2018-09-11,272.8 ,276.4  ,272.02 ,-0.703  ,272.86 ,274.73   ,6077818 ,20180911,1        ,8.454611515044196 ,8.290878164951332 ,315
2018-09-12,268.2 ,271.98 ,261.92 ,-1.686  ,271.19 ,272.8    ,10477259,20180912,2        ,8.850555922767485 ,8.89342774295783  ,316
2018-09-13,271.34,275.0  ,270.16 ,1.171   ,270.86 ,268.2    ,7638387 ,20180913,3        ,8.485959929788596 ,8.352970710563449 ,317
2018-09-14,276.43,279.1  ,273.5  ,1.876   ,274.99 ,271.34   ,9673380 ,20180914,4        ,8.705418117989645 ,8.692574615821652 ,318
2018-09-17,273.93,277.38 ,273.15 ,-0.904  ,275.4  ,276.43   ,5138189 ,20180917,0        ,8.46310737999057  ,8.33889800037876  ,319
2018-09-18,271.02,278.24 ,270.75 ,-1.062  ,274.09 ,273.93   ,7488023 ,20180918,1        ,8.374643072718696 ,8.22571160032826  ,320
2018-09-19,271.98,272.699,268.25 ,0.354   ,270.27 ,271.02   ,5621465 ,20180919,2        ,8.129675520653354 ,7.886283386951167 ,321
2018-09-20,266.28,268.76 ,264.1  ,-2.096  ,267.05 ,271.98   ,10764569,20180920,3        ,8.019705018775772 ,7.7574456020243465,322
2018-09-21,263.45,268.6  ,262.11 ,-1.063  ,266.76 ,266.28   ,10878157,20180921,4        ,8.187913653432528 ,8.039119521754435 ,323
2018-09-24,265.7 ,265.84 ,258.68 ,0.854   ,262.2  ,263.45   ,7347826 ,20180924,0        ,8.134466957665934 ,7.98057025218718  ,324
2018-09-25,268.41,269.42 ,264.91 ,1.02    ,268.37 ,265.7    ,7009746 ,20180925,1        ,7.937697234241749 ,7.7124942185622185,325
2018-09-26,266.92,270.24 ,266.28 ,-0.555  ,268.61 ,268.41   ,6713688 ,20180926,2        ,7.628815667492486 ,7.289494989420585 ,326
2018-09-27,267.4 ,269.2  ,266.129,0.18    ,268.34 ,266.92   ,5360717 ,20180927,3        ,7.214468788629518 ,6.72702899083117  ,327
2018-09-28,281.02,281.915,271.6  ,5.093   ,272.73 ,267.4    ,17734914,20180928,4        ,7.921789807845029 ,7.829425125387007 ,328
2018-10-01,289.36,292.06 ,282.6  ,2.968   ,284.16 ,281.02   ,15551453,20181001,0        ,9.443445279859153 ,10.073501775335409,329
2018-10-02,286.48,292.76 ,285.58 ,-0.995  ,288.25 ,289.36   ,9599118 ,20181002,1        ,9.652222981690144 ,10.295701538624021,330
2018-10-03,286.73,289.62 ,282.53 ,0.087   ,289.32 ,286.48   ,8013769 ,20181003,2        ,9.419293619718312 ,9.868274666807489 ,331
2018-10-04,279.29,286.25 ,276.18 ,-2.595  ,285.27 ,286.73   ,9780489 ,20181004,3        ,9.499357836107563 ,9.925838044566499 ,332
2018-10-05,269.86,280.8  ,267.54 ,-3.376  ,278.29 ,279.29   ,10665861,20181005,4        ,10.380325305552349,11.161059638624305,333
2018-10-08,265.77,271.16 ,260.08 ,-1.516  ,266.5  ,269.86   ,10215265,20181008,0        ,11.183023005047604,12.234251686807736,334
2018-10-09,265.54,268.76 ,262.8  ,-0.087  ,264.94 ,265.77   ,6837493 ,20181009,1        ,10.808202731861453,11.544351461900037,335
2018-10-10,245.69,263.11 ,245.6  ,-7.475  ,261.26 ,265.54   ,17123454,20181010,2        ,11.659275210783147,12.694437933646698,336
2018-10-11,235.13,247.56 ,234.26 ,-4.298  ,242.17 ,245.69   ,18135929,20181011,3        ,13.442977464348342,15.17251287582715 ,337
2018-10-12,246.54,249.54 ,239.65 ,4.853   ,245.507,235.13   ,15205917,20181012,4        ,13.119979513043942,14.468177825716861,338
2018-10-15,235.38,246.0  ,235.34 ,-4.527  ,246.0  ,246.54   ,11244032,20181015,0        ,12.915435920949031,13.988420782287939,339
2018-10-16,245.83,246.28 ,237.94 ,4.44    ,239.93 ,235.38   ,10217795,20181016,1        ,12.523123564499127,13.269964677982895,340
2018-10-17,242.9 ,249.5  ,241.16 ,-1.192  ,248.22 ,245.83   ,303002  ,20181017,2        ,12.668294149544657,13.383302720918502,341
2018-10-18,239.53,247.41 ,237.09 ,-1.387  ,245.86 ,242.9    ,13100548,20181018,3        ,12.454812863222413,12.974862358129368,342
2018-10-19,229.17,242.55 ,227.7  ,-4.325  ,241.76 ,239.53   ,15340249,20181019,4        ,12.704375330202202,13.271547377045463,343
2018-10-22,231.22,235.32 ,227.07 ,0.895   ,231.28 ,229.17   ,9221091 ,20181022,0        ,12.682159391092917,13.163341060106076,344
2018-10-23,221.06,224.19 ,216.71 ,-4.394  ,220.43 ,231.22   ,15660945,20181023,1        ,12.661963082811743,13.069562252091934,345
2018-10-24,199.41,221.39 ,198.85 ,-9.794  ,219.51 ,221.06   ,22107199,20181024,2        ,14.453602802556142,15.642953951813015,346
2018-10-25,204.64,209.34 ,193.8  ,2.623   ,195.26 ,199.41   ,878301  ,20181025,3        ,15.6178207295965  ,17.191893424904617,347
2018-10-26,198.29,204.84 ,193.12 ,-3.103  ,198.31 ,204.64   ,16619628,20181026,4        ,15.263473390542272,16.462307634917334,348
2018-10-29,185.62,204.13 ,176.01 ,-6.39   ,203.99 ,198.29   ,18950441,20181029,0        ,16.478612173220252,18.08466661692836 ,349
2018-10-30,203.0 ,203.4  ,185.62 ,9.363   ,186.55 ,185.62   ,20179768,20181030,1        ,16.596920157472958,18.044044401337914,350
2018-10-31,210.83,212.59 ,204.01 ,3.857   ,209.65 ,203.0    ,18644304,20181031,2        ,17.53992741588451 ,19.234171814492854,351
2018-11-01,218.11,218.49 ,207.19 ,3.453   ,212.3  ,210.83   ,14163208,20181101,3        ,17.353570378076824,18.7349489058938  ,352
2018-11-02,214.92,222.0  ,210.21 ,-1.463  ,217.73 ,218.11   ,11324002,20181102,4        ,16.847791252797112,17.80895571844129 ,353
2018-11-05,214.92,222.0  ,210.21 ,0.0     ,217.73 ,214.92   ,11324002,20181105,0        ,16.387992047997372,17.006428289315785,354
2018-11-06,211.77,215.33 ,205.28 ,-1.466  ,214.39 ,214.92   ,9483260 ,20181106,1        ,15.811810952724883,16.078904517407015,355
2018-11-07,213.68,217.31 ,211.21 ,0.902   ,214.02 ,211.77   ,597413  ,20181107,2        ,14.928919047931709,14.748383915086078,356
2018-11-08,213.79,217.41 ,211.18 ,0.051   ,213.75 ,213.68   ,12095301,20181108,3        ,14.138108225392461,13.6125993930746  ,357
2018-11-09,205.67,209.32 ,201.04 ,-3.798  ,202.4  ,213.79   ,10331049,20181109,4        ,14.001916568538608,13.482919473997995,358
2018-11-12,189.54,202.87 ,188.66 ,-7.843  ,201.98 ,205.67   ,15427947,20181112,0        ,15.01356051685329 ,15.035863544131612,359
2018-11-13,199.31,204.21 ,193.237,5.155   ,193.49 ,189.54   ,16117775,20181113,1        ,14.778964106230271,14.68881507158074 ,360
2018-11-14,197.18,206.88 ,192.9  ,-1.069  ,206.14 ,199.31   ,509157  ,20181114,2        ,15.011785551118423,15.042306395369968,361
2018-11-15,202.39,205.3  ,195.5  ,2.642   ,196.95 ,197.18   ,21017716,20181115,3        ,14.537986864653112,14.34333220932064 ,362
2018-11-16,164.43,170.66 ,161.61 ,-18.756 ,163.32 ,202.39   ,49087977,20181116,4        ,16.44998805877556 ,17.173554581411224,363
2018-11-19,154.42,161.77 ,154.04 ,-6.088  ,161.77 ,164.43   ,187992  ,20181119,0        ,19.349989144341425,21.330413970556396,364
2018-11-20,149.21,154.25 ,133.35 ,-3.374  ,134.19 ,154.42   ,1494375 ,20181120,1        ,20.416353767583118,22.63035877448221 ,365
2018-11-21,144.71,155.3  ,143.61 ,-3.016  ,154.62 ,149.21   ,25617252,20181121,2        ,19.623048879621017,21.171644271217914,366
2018-11-23,145.0 ,149.59 ,142.789,0.2     ,143.31 ,144.71   ,10299211,20181123,4        ,18.457408072382744,19.25555836838886 ,367
2018-11-26,153.05,153.47 ,146.56 ,5.552   ,149.89 ,145.0    ,20370806,20181126,0        ,17.575825520347948,17.85615058593701 ,368
2018-11-27,153.73,157.01 ,150.55 ,0.444   ,152.0  ,153.05   ,18451506,20181127,1        ,17.069841382134495,17.076663841145404,369
2018-11-28,160.07,160.28 ,153.125,4.124   ,158.48 ,153.73   ,20113137,20181128,2        ,16.175310347394994,15.763775328992683,370
2018-11-29,160.07,160.28 ,153.125,0.0     ,158.48 ,160.07   ,20113137,20181129,3        ,15.355282133995448,14.615938618460325,371
2018-11-30,163.43,163.86 ,155.72 ,2.099   ,157.75 ,160.07   ,18239114,20181130,4        ,14.699347394541318,13.752480135998951,372
2018-12-03,163.43,163.86 ,155.72 ,0.0     ,157.75 ,163.43   ,18239114,20181203,0        ,14.103043085946654,13.004149451199092,373
2018-12-04,157.11,168.44 ,156.5  ,-3.867  ,168.24 ,163.43   ,20249736,20181204,1        ,13.906402805406048,12.862262857705879,374
2018-12-06,158.29,158.49 ,150.81 ,0.751   ,151.44 ,157.11   ,17307741,20181206,3        ,13.789457095823684,12.829961143345098,375
2018-12-07,147.61,158.87 ,145.616,-6.747  ,158.46 ,158.29   ,17041949,20181207,4        ,13.74077917802153 ,12.88649965756575 ,376
2018-12-10,151.86,152.86 ,145.65 ,2.879   ,145.8  ,147.61   ,15736835,20181210,0        ,13.640708343655934,12.853633036556982,377
2018-12-11,148.19,155.89 ,145.0  ,-2.417  ,155.56 ,151.86   ,16797832,20181211,1        ,13.39064394877812 ,12.591815298349383,378
2018-12-12,148.9 ,152.78 ,144.82 ,0.479   ,148.42 ,148.19   ,16353398,20181212,2        ,12.896949044343746,11.974239925236134,379
2018-12-13,148.89,153.38 ,147.44 ,-0.007  ,150.79 ,148.9    ,11784624,20181213,3        ,12.264499131221587,11.169674601871314,380
2018-12-14,146.45,150.59 ,145.5  ,-1.639  ,147.21 ,148.89   ,11795531,20181214,4        ,11.61227193747417 ,10.359051321621806,381
2018-12-17,143.58,148.15 ,141.24 ,-1.96   ,145.24 ,146.45   ,16571683,20181217,0        ,11.252065397703788,9.997844478738896 ,382
2018-12-18,146.94,150.33 ,144.25 ,2.34    ,145.35 ,143.58   ,14109251,20181218,1        ,10.78187763427617 ,9.475465214907047 ,383
2018-12-19,138.51,147.745,136.43 ,-5.737  ,145.58 ,146.94   ,18634147,20181219,2        ,10.830343303887428,9.720736519586108 ,384
2018-12-20,135.1 ,141.8  ,132.688,-2.462  ,138.17 ,138.51   ,18739697,20181220,3        ,11.141403003534027,10.324904983641296,385
2018-12-21,129.57,137.5  ,128.46 ,-4.093  ,136.17 ,135.1    ,21593525,20181221,4        ,11.042184548667295,10.288250985822456,386
2018-12-24,127.08,129.98 ,124.5  ,-1.922  ,126.49 ,129.57   ,11595978,20181224,0        ,11.001985953333907,10.329817521046133,387
2018-12-26,133.1 ,133.14 ,124.46 ,4.737   ,128.94 ,127.08   ,17377484,20181226,2        ,10.790896321212642,10.109841851573313,388
2018-12-27,133.1 ,133.14 ,124.46 ,0.0     ,128.94 ,133.1    ,17377484,20181227,3        ,10.598996655647856,9.919196271363536 ,389
2018-12-28,133.1 ,133.14 ,124.46 ,0.0     ,128.94 ,133.1    ,17377484,20181228,4        ,10.424542414225321,9.753970101848397 ,390
2018-12-31,133.1 ,133.14 ,124.46 ,0.0     ,128.94 ,133.1    ,17377484,20181231,0        ,10.265947649295747,9.610774088268611 ,391
