          ,close  ,high   ,low    ,p_change             ,open  ,pre_close,volume  ,date    ,date_week,key,atr21             ,atr14
2017-06-12,93.5   ,94.04  ,92.8   ,-1.121               ,93.69 ,94.56    ,15609884,20170612,0        ,0  ,1.7600000000000193,1.7600000000000193
2017-06-13,95.08  ,95.34  ,93.97  ,1.69                 ,94.0  ,93.5     ,8700026 ,20170613,1        ,1  ,1.5557142857142972,1.55107142857144
2017-06-14,95.32  ,96.0   ,94.95  ,0.252                ,95.32 ,95.08    ,6346561 ,20170614,2        ,2  ,1.900906344410873 ,1.9135653650254631
2017-06-15,94.17  ,94.53  ,93.53  ,-1.206               ,94.44 ,95.32    ,12793864,20170615,3        ,3  ,1.8002693385046296,1.80234046410442
2017-06-16,94.17  ,94.44  ,93.74  ,0.0                  ,94.31 ,94.17    ,14590100,20170616,4        ,4  ,1.7474452506920517,1.7443321772202864
2017-06-19,94.79  ,94.85  ,94.25  ,0.6579999999999999   ,94.75 ,94.17    ,5984192 ,20170619,0        ,5  ,1.5246331527902506,1.4980646867614795
2017-06-20,94.38  ,94.955 ,94.33  ,-0.433               ,94.79 ,94.79    ,5626703 ,20170620,1        ,6  ,1.3865197733866006,1.3478068385138438
2017-06-21,94.54  ,94.77  ,94.07  ,0.17                 ,94.61 ,94.38    ,5610872 ,20170621,2        ,7  ,1.272942369644209 ,1.2250170654614578
2017-06-22,93.96  ,94.48  ,93.88  ,-0.613               ,94.48 ,94.54    ,5846460 ,20170622,3        ,8  ,1.1667150279796772,1.1099368949788246
2017-06-23,95.58  ,95.65  ,93.89  ,1.724                ,94.16 ,93.96    ,11637113,20170623,4        ,9  ,1.2544917525699573,1.22384332594288
2017-06-26,95.22  ,96.265 ,95.099 ,-0.377               ,95.8  ,95.58    ,6970841 ,20170626,0        ,10 ,1.4015277075673203,1.405670738065135
2017-06-27,94.9   ,95.34  ,94.63  ,-0.336               ,95.15 ,95.22    ,6283594 ,20170627,1        ,11 ,1.3412843410016726,1.3316170916401535
2017-06-28,96.23  ,96.4   ,94.66  ,1.401                ,95.15 ,94.9     ,5571267 ,20170628,2        ,12 ,1.3923121608895752,1.3961038477796408
2017-06-29,94.42  ,95.79  ,94.01  ,-1.881               ,95.79 ,96.23    ,8870532 ,20170629,3        ,13 ,1.440155033572927 ,1.45526999612109
2017-06-30,93.78  ,94.62  ,93.78  ,-0.6779999999999999  ,94.38 ,94.42    ,9036622 ,20170630,4        ,14 ,1.5608533352155387,1.6054560776927762
2017-07-03,93.35  ,94.41  ,93.35  ,-0.459               ,94.38 ,93.78    ,6197656 ,20170703,0        ,15 ,1.5038176856081054,1.5260140066016894
2017-07-05,94.01  ,94.4   ,93.72  ,0.7070000000000001   ,93.75 ,93.35    ,9338609 ,20170705,2        ,16 ,1.4104535777229459,1.4023551113094743
2017-07-06,93.25  ,93.97  ,93.19  ,-0.8079999999999999  ,93.45 ,94.01    ,8215275 ,20170706,3        ,17 ,1.3405705369660592,1.3125402588297876
2017-07-07,93.92  ,94.41  ,93.5   ,0.718                ,93.5  ,93.25    ,6175718 ,20170707,4        ,18 ,1.293776574012962 ,1.2550788636946864
2017-07-10,95.09  ,95.37  ,94.15  ,1.246                ,94.15 ,93.92    ,8851817 ,20170710,0        ,19 ,1.3820019318263457,1.3773923077421353
2017-07-11,95.41  ,95.63  ,94.93  ,0.337                ,95.08 ,95.09    ,5554106 ,20170711,1        ,20 ,1.4164788195453406,1.4240511488329741
2017-07-12,96.18  ,96.45  ,95.63  ,0.807                ,95.98 ,95.41    ,5974757 ,20170712,2        ,21 ,1.410625300111125 ,1.4151279351799713
2017-07-13,95.94  ,96.65  ,95.77  ,-0.25                ,96.42 ,96.18    ,6721436 ,20170713,3        ,22 ,1.3931638461850593,1.390875228442405
2017-07-14,96.93  ,97.37  ,96.12  ,1.032                ,96.14 ,95.94    ,6195768 ,20170714,4        ,23 ,1.3786782970378761,1.3714660326301626
2017-07-17,96.83  ,97.29  ,96.59  ,-0.103               ,97.11 ,96.93    ,5914249 ,20170717,0        ,24 ,1.3758060854939147,1.3685216134910416
2017-07-18,97.58  ,97.75  ,96.61  ,0.775                ,96.85 ,96.83    ,7434865 ,20170718,1        ,25 ,1.3524057531475768,1.3372958104048729
2017-07-19,98.25  ,98.33  ,97.55  ,0.687                ,97.64 ,97.58    ,6385870 ,20170719,2        ,26 ,1.3669313942182755,1.359454813484556
2017-07-20,98.11  ,99.138 ,97.93  ,-0.142               ,99.11 ,98.25    ,8570406 ,20170720,3        ,27 ,1.385595499012934 ,1.386417994547425
2017-07-21,99.6   ,100.49 ,99.09  ,1.519                ,99.6  ,98.11    ,17399054,20170721,4        ,28 ,1.468494542119862 ,1.5020519684288878
2017-07-24,100.37 ,100.42 ,99.14  ,0.773                ,99.55 ,99.6     ,9185701 ,20170724,0        ,29 ,1.5496456933675082,1.6112706854524463
2017-07-25,99.99  ,100.85 ,99.8   ,-0.379               ,100.65,100.37   ,6773844 ,20170725,1        ,30 ,1.5209079786469932,1.5625240161802219
2017-07-26,100.85 ,100.985,99.86  ,0.86                 ,100.01,99.99    ,7205220 ,20170726,2        ,31 ,1.483126942120791 ,1.5035825749081138
2017-07-27,99.57  ,101.18 ,98.55  ,-1.269               ,100.97,100.85   ,10543634,20170727,3        ,32 ,1.592079263629313 ,1.6551194015838635
2017-07-28,99.15  ,99.59  ,98.51  ,-0.422               ,99.12 ,99.57    ,6558840 ,20170728,4        ,33 ,1.662841884659273 ,1.7471462054368456
2017-07-31,99.56  ,100.0  ,99.14  ,0.414                ,99.5  ,99.15    ,7576607 ,20170731,0        ,34 ,1.5871633044063431,1.6280644931466266
2017-08-01,100.87 ,101.065,99.96  ,1.3159999999999998   ,100.36,99.56    ,6017967 ,20170801,1        ,35 ,1.61796298491065  ,1.6665453633202725
2017-08-02,100.63 ,101.18 ,100.24 ,-0.238               ,101.03,100.87   ,155205  ,20170802,2        ,36 ,1.618153779041033 ,1.6603080161003172
2017-08-03,100.59 ,101.095,100.33 ,-0.04                ,100.94,100.63   ,5696416 ,20170803,3        ,37 ,1.5384638451115629,1.540412198887574
2017-08-04,100.89 ,101.34 ,100.61 ,0.298                ,100.96,100.59   ,4617431 ,20170804,4        ,38 ,1.463136340538024 ,1.4319484339292219
2017-08-07,101.49 ,101.535,100.59 ,0.595                ,100.92,100.89   ,7046512 ,20170807,0        ,39 ,1.4149687780196392,1.366809198235579
2017-08-08,101.28 ,101.715,100.93 ,-0.207               ,101.5 ,101.49   ,6282575 ,20170808,1        ,40 ,1.3602358712518567,1.294362878182842
2017-08-09,100.97 ,101.3  ,100.6  ,-0.306               ,100.76,101.28   ,6901379 ,20170809,2        ,41 ,1.31669203339515  ,1.2403152212660558
2017-08-10,99.49  ,100.88 ,99.43  ,-1.466               ,100.54,100.97   ,8559949 ,20170810,3        ,42 ,1.3659929837445046,1.321779749293747
2017-08-11,100.09 ,100.3  ,99.53  ,0.603                ,99.55 ,99.49    ,5268177 ,20170811,4        ,43 ,1.3728239818151173,1.33757155145232
2017-08-14,101.87 ,102.11 ,100.75 ,1.778                ,100.98,100.09   ,5657354 ,20170814,0        ,44 ,1.487780735914679 ,1.5088355445945796
2017-08-15,102.63 ,102.78 ,101.97 ,0.746                ,102.36,101.87   ,5385816 ,20170815,1        ,45 ,1.598453710838793 ,1.6665424352422256
2017-08-16,103.32 ,103.93 ,102.64 ,0.672                ,102.76,102.63   ,13408135,20170816,2        ,46 ,1.6408936566424106,1.7190664534190156
2017-08-17,102.16 ,103.53 ,102.16 ,-1.123               ,103.33,103.32   ,7381256 ,20170817,3        ,47 ,1.6160104785433633,1.6724758201925505
2017-08-18,102.51 ,103.09 ,101.94 ,0.343                ,102.08,102.16   ,5669823 ,20170818,4        ,48 ,1.5943520320481548,1.6334438741340092
2017-08-21,103.22 ,103.35 ,102.33 ,0.693                ,102.62,102.51   ,5394932 ,20170821,0        ,49 ,1.557276930251565 ,1.5742718158060378
2017-08-22,104.07 ,104.2  ,103.14 ,0.823                ,103.44,103.22   ,5479144 ,20170822,1        ,50 ,1.5694368318150769,1.5897126906628447
2017-08-23,103.18 ,103.97 ,102.99 ,-0.855               ,103.77,104.07   ,5057189 ,20170823,2        ,51 ,1.5154717443235417,1.508369953239936
2017-08-24,103.22 ,103.5  ,102.64 ,0.039                ,103.32,103.18   ,4082193 ,20170824,3        ,52 ,1.5076515355235212,1.4979153115472486
2017-08-25,103.35 ,103.88 ,103.155,0.126                ,103.65,103.22   ,4467738 ,20170825,4        ,53 ,1.4360850014283313,1.3948145137530108
2017-08-28,103.78 ,103.83 ,103.26 ,0.416                ,103.65,103.35   ,3919461 ,20170828,0        ,54 ,1.360587029728344 ,1.2901326083466926
2017-08-29,103.77 ,104.07 ,102.64 ,-0.01                ,102.92,103.78   ,7135312 ,20170829,1        ,55 ,1.3669277892961764,1.3087877671832746
2017-08-30,103.73 ,104.0  ,103.52 ,-0.039               ,103.7 ,103.77   ,8712708 ,20170830,2        ,56 ,1.285943980583944 ,1.198251030340381
2017-08-31,103.52 ,104.19 ,103.025,-0.202               ,104.06,103.73   ,13765793,20170831,3        ,57 ,1.274905205529897 ,1.193816457395831
2017-09-01,103.9  ,104.08 ,103.44 ,0.3670000000000001   ,104.04,103.52   ,4466772 ,20170901,4        ,58 ,1.2169772744007825,1.1199583530222004
2017-09-05,103.01 ,103.46 ,102.26 ,-0.857               ,103.4 ,103.9    ,6337188 ,20170905,1        ,59 ,1.2209013188961624,1.1386340592232802
2017-09-06,103.18 ,103.745,103.1  ,0.165                ,103.34,103.01   ,6372221 ,20170906,2        ,60 ,1.1825229764058849,1.0934755446931437
2017-09-07,104.56 ,105.44 ,103.61 ,1.337                ,103.71,103.18   ,6508516 ,20170907,3        ,61 ,1.2962386338850134,1.2717037977068417
2017-09-08,104.43 ,104.77 ,104.06 ,-0.124               ,104.33,104.56   ,5787178 ,20170908,4        ,62 ,1.3230102721990717,1.3141484496251958
2017-09-11,106.14 ,106.15 ,105.16 ,1.6369999999999998   ,105.5 ,104.43   ,6954342 ,20170911,0        ,63 ,1.347336634550843 ,1.3509325306474713
2017-09-12,106.19 ,106.62 ,105.765,0.047                ,106.6 ,106.14   ,5212136 ,20170912,1        ,64 ,1.424098934366075 ,1.462818406415821
2017-09-13,105.83 ,106.26 ,105.24 ,-0.339               ,106.26,106.19   ,6215611 ,20170913,2        ,65 ,1.3872944363003517,1.403771280936131
2017-09-14,106.1  ,106.83 ,105.57 ,0.255                ,105.58,105.83   ,8153921 ,20170914,3        ,66 ,1.3757026786502402,1.384600462401164
2017-09-15,105.23 ,106.13 ,104.97 ,-0.82                ,105.74,106.1    ,12622407,20170915,4        ,67 ,1.3560632539515096,1.3546519545009486
2017-09-18,104.85 ,105.51 ,104.62 ,-0.361               ,105.37,105.23   ,7330304 ,20170918,0        ,68 ,1.3673459459761854,1.3713658879763715
2017-09-19,105.42 ,105.92 ,104.83 ,0.544                ,105.08,104.85   ,9754351 ,20170919,1        ,69 ,1.3421007119286688,1.3338487617811219
2017-09-20,104.97 ,105.77 ,104.46 ,-0.4270000000000001  ,105.5 ,105.42   ,7391189 ,20170920,2        ,70 ,1.339179102276043 ,1.330668803872758
2017-09-21,105.33 ,105.61 ,104.65 ,0.343                ,104.95,104.97   ,4777363 ,20170921,3        ,71 ,1.3046721643305272,1.2812446398135724
2017-09-22,105.56 ,105.68 ,105.06 ,0.218                ,105.21,105.33   ,4955919 ,20170922,4        ,72 ,1.2505595792258652,1.2050764748644853
2017-09-25,103.02 ,105.65 ,102.75 ,-2.406               ,105.5 ,105.56   ,9393018 ,20170925,0        ,73 ,1.400638504297484 ,1.431071968771612
2017-09-26,103.06 ,104.02 ,102.89 ,0.039                ,103.1 ,103.02   ,551745  ,20170926,1        ,74 ,1.5161258032772398,1.596265977902348
2017-09-27,103.92 ,104.11 ,102.91 ,0.8340000000000001   ,103.09,103.06   ,590343  ,20170927,2        ,75 ,1.4873665381201395,1.5434295148890833
2017-09-28,104.55 ,104.96 ,103.75 ,0.606                ,103.89,103.92   ,485441  ,20170928,3        ,76 ,1.524903061326427 ,1.5909730255331676
2017-09-29,105.22 ,105.41 ,104.7  ,0.6409999999999999   ,104.86,104.55   ,457266  ,20170929,4        ,77 ,1.521728180333603 ,1.577509764206743
2017-10-02,105.51 ,105.98 ,105.12 ,0.276                ,105.55,105.22   ,328558  ,20171002,0        ,78 ,1.5133847744027396,1.557841553498213
2017-10-03,105.59 ,105.87 ,105.31 ,0.076                ,105.63,105.51   ,293117  ,20171003,1        ,79 ,1.4348569132663938,1.436794721453043
2017-10-04,105.31 ,105.64 ,104.9  ,-0.265               ,105.61,105.59   ,286193  ,20171004,2        ,80 ,1.3716600558680396,1.3438878994462695
2017-10-05,106.24 ,106.25 ,105.16 ,0.883                ,105.52,105.31   ,261748  ,20171005,3        ,81 ,1.3460442613110772,1.310035908216307
2017-10-06,106.71 ,106.96 ,105.88 ,0.442                ,106.3 ,106.24   ,290258  ,20171006,4        ,82 ,1.37368673993488  ,1.3553647686337247
2017-10-09,107.03 ,107.64 ,106.71 ,0.3                  ,106.82,106.71   ,308161  ,20171009,0        ,83 ,1.376079652373004 ,1.3613161686416158
2017-10-10,107.32 ,107.54 ,106.83 ,0.271                ,107.53,107.03   ,396500  ,20171010,1        ,84 ,1.3264209948310586,1.2904736432312431
2017-10-11,108.44 ,108.585,107.69 ,1.044                ,107.7 ,107.32   ,6473099 ,20171011,2        ,85 ,1.3472066322522567,1.3257439836076634
2017-10-12,108.11 ,108.71 ,107.9  ,-0.304               ,108.58,108.44   ,6496053 ,20171012,3        ,86 ,1.3510979132413576,1.3343114860326755
2017-10-13,108.7  ,109.25 ,108.4  ,0.546                ,108.6 ,108.11   ,5154563 ,20171013,4        ,87 ,1.3055331804750143,1.2697364019229882
2017-10-16,108.28 ,108.89 ,107.18 ,-0.386               ,108.8 ,108.7    ,5552165 ,20171016,0        ,88 ,1.342310505661556 ,1.328438387778181
2017-10-17,107.54 ,108.37 ,107.3  ,-0.6829999999999999  ,108.27,108.28   ,5979405 ,20171017,1        ,89 ,1.3475559924354945,1.337979960413743
2017-10-18,107.8  ,108.0  ,107.49 ,0.242                ,107.65,107.54   ,4817276 ,20171018,2        ,90 ,1.2968604097056655,1.2649158041650128
2017-10-19,107.04 ,107.76 ,106.905,-0.705               ,107.28,107.8    ,10840248,20171019,3        ,91 ,1.2566850322281897,1.210260258890359
2017-10-20,107.53 ,107.7  ,106.97 ,0.458                ,107.54,107.04   ,7848922 ,20171020,4        ,92 ,1.2178899978360018,1.1595588068474307
2017-10-23,107.52 ,108.15 ,107.1  ,-0.009000000000000001,108.14,107.53   ,6316736 ,20171023,0        ,93 ,1.2080805551656433,1.1529509564249538
2017-10-24,108.41 ,108.64 ,107.18 ,0.828                ,107.56,107.52   ,10344093,20171024,1        ,94 ,1.230984999670151 ,1.1938908799633983
2017-10-25,109.49 ,110.61 ,108.0  ,0.996                ,109.41,108.41   ,13178855,20171025,2        ,95 ,1.4000043205347403,1.4467057025788628
2017-10-26,109.8  ,110.74 ,109.67 ,0.28300000000000003  ,110.38,109.49   ,7380110 ,20171026,3        ,96 ,1.48455754887515  ,1.5644783858993612
2017-10-27,109.71 ,110.13 ,108.69 ,-0.08199999999999999 ,110.07,109.8    ,7862681 ,20171027,4        ,97 ,1.4805065069139927,1.5478812543041542
2017-10-30,110.04 ,110.235,108.92 ,0.301                ,109.67,109.71   ,5148598 ,20171030,0        ,98 ,1.4654592597252112,1.5168303985479716
2017-10-31,109.98 ,110.69 ,108.66 ,-0.055               ,110.58,110.04   ,8002479 ,20171031,1        ,99 ,1.5167848696843682,1.5852530538011484
2017-11-01,111.07 ,111.4  ,110.42 ,0.991                ,110.5 ,109.98   ,6167261 ,20171101,2        ,100,1.5025307593860442,1.555219297420886
2017-11-02,110.98 ,111.37 ,110.2  ,-0.081               ,111.02,111.07   ,5506607 ,20171102,3        ,101,1.4923000767998686,1.5331900476742537
2017-11-03,111.36 ,111.42 ,110.505,0.342                ,110.94,110.98   ,3758386 ,20171103,4        ,102,1.4398153901870652,1.4507646752633576
2017-11-06,111.92 ,112.15 ,111.2  ,0.503                ,111.36,111.36   ,4094744 ,20171106,0        ,103,1.415285502568218 ,1.4133293723487421
2017-11-07,112.09 ,112.469,111.56 ,0.152                ,112.25,111.92   ,3697908 ,20171107,1        ,104,1.3874401113245947,1.3727521106031537
2017-11-08,112.47 ,112.905,111.82 ,0.339                ,112.01,112.09   ,4418427 ,20171108,2        ,105,1.3599444294865022,1.3343851526080417
2017-11-09,112.14 ,112.22 ,110.93 ,-0.293               ,111.8 ,112.47   ,4334707 ,20171109,3        ,106,1.3535856081999367,1.328467130934891
2017-11-10,111.88 ,111.98 ,111.28 ,-0.232               ,111.71,112.14   ,4198857 ,20171110,4        ,107,1.3387136858217807,1.310004843226706
2017-11-13,111.4  ,111.855,111.335,-0.429               ,111.55,111.88   ,7185634 ,20171113,0        ,108,1.2901927666092545,1.2426708528028787
2017-11-14,111.98 ,112.04 ,110.81 ,0.521                ,111.08,111.4    ,5679647 ,20171114,1        ,109,1.2847205438198972,1.2409814055161894
2017-11-15,110.25 ,111.87 ,110.14 ,-1.545               ,111.34,111.98   ,6895082 ,20171115,2        ,110,1.3252015239685269,1.306183893019167
2017-11-16,111.02 ,111.44 ,110.57 ,0.698                ,110.75,110.25   ,5655121 ,20171116,3        ,111,1.332910654583027 ,1.3200260421324008
2017-11-17,109.82 ,110.91 ,109.7  ,-1.081               ,110.69,111.02   ,8812373 ,20171117,4        ,112,1.3217367238391355,1.3053559017891518
2017-11-20,109.95 ,110.68 ,109.69 ,0.118                ,109.95,109.82   ,6873218 ,20171120,0        ,113,1.322487945117806 ,1.3086417818208673
2017-11-21,111.45 ,111.49 ,110.3  ,1.364                ,110.45,109.95   ,6456517 ,20171121,1        ,114,1.3540804989220518,1.3568228810126104
2017-11-22,110.82 ,111.66 ,110.7  ,-0.565               ,111.5 ,111.45   ,4067864 ,20171122,2        ,115,1.386437328194307 ,1.4039131664534614
2017-11-24,111.97 ,112.16 ,111.14 ,1.038                ,111.31,110.82   ,3045750 ,20171124,4        ,116,1.3531243655474614,1.3527247415189334
2017-11-27,112.35 ,112.53 ,111.92 ,0.339                ,112.15,111.97   ,313610  ,20171127,0        ,117,1.3855680284842673,1.4003614448602304
2017-11-28,113.36 ,113.615,112.56 ,0.899                ,112.6 ,112.35   ,6671272 ,20171128,1        ,118,1.4091530330053477,1.4329799201906492
2017-11-29,109.86 ,113.62 ,106.9  ,-3.088               ,113.62,113.36   ,14505432,20171129,2        ,119,1.891962510523386 ,2.1379159554016547
2017-11-30,112.59 ,112.59 ,110.03 ,2.485                ,110.5 ,109.86   ,18533344,20171130,3        ,120,2.0226944733224728,2.2968604994826256
2017-12-01,110.73 ,112.44 ,109.76 ,-1.652               ,112.38,112.59   ,13101791,20171201,4        ,121,2.0824500538877544,2.3479457675556428
2017-12-04,107.43 ,111.45 ,106.97 ,-2.98                ,111.33,110.73   ,18909077,20171204,0        ,122,2.404048109766728 ,2.7842196751133317
2017-12-05,108.58 ,109.24 ,106.6  ,1.07                 ,107.54,107.43   ,12081503,20171205,1        ,123,2.5609539830298065,2.963657055293249
2017-12-06,109.74 ,110.17 ,108.255,1.068                ,108.49,108.58   ,7532053 ,20171206,2        ,124,2.5772310026792074,2.933836114079282
2017-12-07,111.4  ,111.41 ,109.45 ,1.513                ,109.77,109.74   ,7384855 ,20171207,3        ,125,2.600210142347792 ,2.919991298664227
2017-12-08,112.6  ,112.61 ,111.815,1.077                ,112.13,111.4    ,7594900 ,20171208,4        ,126,2.6247366288010983,2.913325792090341
2017-12-11,112.37 ,113.35 ,112.155,-0.204               ,112.5 ,112.6    ,7538608 ,20171211,0        ,127,2.5633966266139114,2.784882351720073
2017-12-12,113.46 ,113.73 ,112.0  ,0.97                 ,112.37,112.37   ,8754436 ,20171212,1        ,128,2.4876329503408146,2.6442313701384625
2017-12-13,113.31 ,114.37 ,113.19 ,-0.132               ,113.75,113.46   ,8088922 ,20171213,2        ,129,2.443302497773786 ,2.5583338534042612
2017-12-14,112.92 ,114.09 ,112.92 ,-0.344               ,113.55,113.31   ,9815572 ,20171214,3        ,130,2.3275472876272536,2.37322267161359
2017-12-15,113.82 ,114.2  ,112.39 ,0.797                ,113.97,112.92   ,16387998,20171215,4        ,131,2.2804973725012387,2.2981263149284477
2017-12-18,113.55 ,114.75 ,113.25 ,-0.237               ,114.69,113.82   ,8961777 ,20171218,0        ,132,2.239542937950339 ,2.235709472599428
2017-12-19,112.14 ,113.28 ,112.08 ,-1.242               ,113.28,113.55   ,7899423 ,20171219,1        ,133,2.194129814599579 ,2.169614875942135
2017-12-20,112.12 ,113.1  ,111.99 ,-0.018000000000000002,112.72,112.14   ,6201850 ,20171220,2        ,134,2.1364815007773212,2.088332892152036
2017-12-21,112.41 ,113.1  ,112.319,0.259                ,112.6 ,112.12   ,8866354 ,20171221,3        ,135,2.029528386004085 ,1.9378885060005568
2017-12-22,112.69 ,113.11 ,112.25 ,0.249                ,112.39,112.41   ,6190062 ,20171222,4        ,136,1.935025603785736 ,1.8115033714803945
2017-12-26,112.99 ,113.44 ,112.07 ,0.266                ,112.07,112.69   ,3948877 ,20171226,1        ,137,1.8836595401532805,1.7526362551268881
2017-12-27,114.02 ,114.07 ,112.65 ,0.912                ,112.69,112.99   ,7073082 ,20171227,2        ,138,1.8415085985263628,1.7082847543413602
2017-12-28,114.35 ,114.92 ,113.99 ,0.289                ,114.3 ,114.02   ,6937066 ,20171228,3        ,139,1.8495532842859224,1.7378467871547327
2017-12-29,114.02 ,114.89 ,114.02 ,-0.289               ,114.75,114.35   ,5248976 ,20171229,4        ,140,1.7605028559166531,1.6221338820010007
2018-01-02,114.51 ,115.08 ,113.95 ,0.43                 ,114.57,114.02   ,6080894 ,20180102,1        ,141,1.7031843385186562,1.5565160309693544
2018-01-03,115.65 ,115.785,114.66 ,0.996                ,114.95,114.51   ,6946106 ,20180103,2        ,142,1.7088039508773012,1.5843138935428163
2018-01-04,116.08 ,117.36 ,116.03 ,0.3720000000000001   ,116.25,115.65   ,7805278 ,20180104,3        ,143,1.8125491598633519,1.7530720412600922
2018-01-05,118.86 ,119.0  ,116.42 ,2.395                ,116.99,116.08   ,8590495 ,20180105,4        ,144,1.9523175572032418,1.9659957692994623
2018-01-08,119.34 ,120.477,118.07 ,0.404                ,118.61,118.86   ,6660722 ,20180108,0        ,145,2.174561616779163 ,2.290129666999808
2018-01-09,119.11 ,119.97 ,118.66 ,-0.193               ,119.97,119.34   ,6562409 ,20180109,1        ,146,2.095965041496443 ,2.159445711304229
2018-01-10,118.94 ,119.03 ,117.48 ,-0.14300000000000002 ,118.7 ,119.11   ,261442  ,20180110,2        ,147,2.0745136580427426,2.119519616438351
2018-01-11,119.84 ,119.98 ,118.68 ,0.757                ,118.8 ,118.94   ,5982149 ,20180111,3        ,148,2.004103277616438 ,2.010250334186528
2018-01-12,120.09 ,120.35 ,119.71 ,0.209                ,120.12,119.84   ,5585787 ,20180112,4        ,149,1.9500938553560325,1.9302169562568745
2018-01-16,120.39 ,121.94 ,119.91 ,0.25                 ,121.18,120.09   ,8803789 ,20180116,1        ,150,1.9637216943455857,1.9528546954319652
2018-01-17,121.98 ,122.16 ,120.73 ,1.321                ,121.2 ,120.39   ,7991512 ,20180117,2        ,151,1.9733833634318585,1.968474069379954
2018-01-18,123.11 ,123.195,122.03 ,0.926                ,122.52,121.98   ,8660985 ,20180118,3        ,152,2.0489849109586777,2.080010860163864
2018-01-19,122.7  ,123.65 ,121.92 ,-0.333               ,123.05,123.11   ,8250687 ,20180119,4        ,153,2.019986270446249 ,2.033342745462811
2018-01-22,124.33 ,124.33 ,122.4  ,1.328                ,122.87,122.7    ,9355047 ,20180122,0        ,154,2.0118056972657676,2.0195637127312267
2018-01-23,124.65 ,125.51 ,124.21 ,0.257                ,124.6 ,124.33   ,5683320 ,20180123,1        ,155,2.0843688410157712,2.124955217721661
2018-01-24,124.55 ,125.45 ,123.71 ,-0.08                ,125.05,124.65   ,6425224 ,20180124,2        ,156,2.053062572810914 ,2.0736278553497973
2018-01-25,125.22 ,125.47 ,124.63 ,0.5379999999999999   ,125.0 ,124.55   ,7166403 ,20180125,3        ,157,1.9427841252994205,1.9091441412782264
2018-01-26,126.32 ,126.38 ,124.76 ,0.878                ,125.77,125.22   ,5604949 ,20180126,4        ,158,1.9325310203115371,1.898591589106406
2018-01-29,124.84 ,126.88 ,124.685,-1.172               ,126.74,126.32   ,6257887 ,20180129,0        ,159,1.9563918423334916,1.9381127105633837
2018-01-30,123.55 ,124.29 ,122.84 ,-1.033               ,123.82,124.84   ,8154371 ,20180130,1        ,160,2.0949017048581036,2.1436976825085514
2018-01-31,124.23 ,124.48 ,123.04 ,0.55                 ,123.78,123.55   ,7338184 ,20180131,2        ,161,2.06809245368148  ,2.0978713248368295
2018-02-01,125.72 ,126.26 ,124.1  ,1.199                ,124.74,124.23   ,11169657,20180201,3        ,162,2.1264476956139204,2.1794884815313
2018-02-02,120.91 ,123.72 ,120.7  ,-3.826               ,123.72,125.72   ,13937710,20180202,4        ,163,2.2540433804189797,2.359556684005363
2018-02-05,116.27 ,121.13 ,115.01 ,-3.838               ,118.7 ,120.91   ,16623914,20180205,0        ,164,3.0227668232285225,3.4729491261999588
2018-02-06,119.97 ,120.3  ,113.25 ,3.182                ,115.2 ,116.27   ,19053339,20180206,1        ,165,3.4443335323750266,4.0312225760669
2018-02-07,119.65 ,122.46 ,119.21 ,-0.267               ,120.09,119.97   ,9293996 ,20180207,2        ,166,3.693939605412865 ,4.319059565936677
2018-02-08,113.86 ,119.82 ,113.54 ,-4.839               ,119.53,119.65   ,12673416,20180208,3        ,167,3.9426723962114054,4.600518290488656
2018-02-09,116.32 ,117.21 ,111.02 ,2.161                ,114.55,113.86   ,17695515,20180209,4        ,168,4.368793130534321 ,5.137782518440378
2018-02-12,118.1  ,118.84 ,116.93 ,1.53                 ,117.95,116.32   ,356866  ,20180212,0        ,169,4.424357396500345 ,5.116744849314419
2018-02-13,118.35 ,118.8  ,117.13 ,0.212                ,117.85,118.1    ,7803914 ,20180213,1        ,170,4.2475976184171   ,4.765178869397531
2018-02-14,120.83 ,120.95 ,117.5  ,2.095                ,117.62,118.35   ,9206447 ,20180214,2        ,171,4.175088738509379 ,4.58982168680761
2018-02-15,122.28 ,122.31 ,119.97 ,1.2                  ,121.7 ,120.83   ,6921256 ,20180215,3        ,172,4.155535215476842 ,4.50584546189844
2018-02-16,121.85 ,122.99 ,121.57 ,-0.35200000000000004 ,121.63,122.28   ,6371435 ,20180216,4        ,173,3.974122911775591 ,4.19306606697384
2018-02-20,122.01 ,123.05 ,121.02 ,0.131                ,121.35,121.85   ,6182797 ,20180220,1        ,174,3.797384455167041 ,3.9046572580401566
2018-02-21,120.43 ,122.83 ,120.41 ,-1.295               ,122.05,122.01   ,7676065 ,20180221,2        ,175,3.672167680020929 ,3.7067029569658527
2018-02-22,120.38 ,121.38 ,119.617,-0.042               ,120.67,120.43   ,4993959 ,20180222,3        ,176,3.555879703626795 ,3.531542562701992
2018-02-23,122.93 ,122.96 ,121.22 ,2.1180000000000003   ,121.57,120.38   ,5036876 ,20180223,4        ,177,3.4626179083903335,3.398003554340566
2018-02-26,124.59 ,124.6  ,123.32 ,1.35                 ,123.58,122.93   ,6270475 ,20180226,0        ,178,3.5314708284924583,3.5076030804293077
2018-02-27,123.37 ,125.3  ,123.35 ,-0.979               ,124.7 ,124.59   ,7287215 ,20180227,1        ,179,3.425882567616255 ,3.35592266970441
2018-02-28,122.94 ,124.98 ,122.88 ,-0.349               ,123.65,123.37   ,6780867 ,20180228,2        ,180,3.3053477848602215,3.188466313742879
2018-03-01,120.4  ,124.0  ,119.62 ,-2.066               ,123.26,122.94   ,8819616 ,20180301,3        ,181,3.403043443642286 ,3.347337471911271
2018-03-02,120.77 ,120.98 ,117.86 ,0.307                ,119.09,120.4    ,7581920 ,20180302,4        ,182,3.5554940437323928,3.5783591423240817
2018-03-05,121.88 ,122.31 ,119.44 ,0.919                ,120.45,120.77   ,5810235 ,20180305,0        ,183,3.493176401885239 ,3.483911256680525
2018-03-06,121.06 ,123.24 ,120.67 ,-0.6729999999999999  ,122.83,121.88   ,7464417 ,20180306,1        ,184,3.409251272595068 ,3.3620564224560665
2018-03-07,121.85 ,122.24 ,119.7  ,0.653                ,120.03,121.06   ,7254084 ,20180307,2        ,185,3.330228428051675 ,3.252448899461621
2018-03-08,122.22 ,122.82 ,121.168,0.304                ,121.96,121.85   ,6948887 ,20180308,3        ,186,3.1874803865428776,3.053455712866256
2018-03-09,124.51 ,124.79 ,122.87 ,1.874                ,123.25,122.22   ,6397723 ,20180309,4        ,187,3.1649821692126223,3.038328284484057
2018-03-12,123.88 ,124.98 ,123.5  ,-0.506               ,124.65,124.51   ,363056  ,20180312,0        ,188,3.1281656078219817,3.0012178465527817
2018-03-13,123.2  ,125.0  ,122.9  ,-0.5489999999999999  ,124.25,123.88   ,9479456 ,20180313,1        ,189,3.0346960058342765,2.881055467012223
2018-03-14,122.58 ,124.04 ,121.9  ,-0.503               ,124.04,123.2    ,7854962 ,20180314,2        ,190,2.9533600042939843,2.7822480714104603
2018-03-15,123.41 ,124.42 ,122.7  ,0.677                ,123.13,122.58   ,5861935 ,20180315,3        ,191,2.8412363662743703,2.6406149952222333
2018-03-16,124.53 ,125.05 ,123.33 ,0.908                ,123.85,123.41   ,9447131 ,20180316,4        ,192,2.807487605357658 ,2.6178663291925774
2018-03-19,122.68 ,124.3  ,122.57 ,-1.486               ,123.77,124.53   ,419518  ,20180319,0        ,193,2.7095341857750066,2.499484151966797
2018-03-20,124.91 ,125.17 ,123.3  ,1.818                ,123.38,122.68   ,7779656 ,20180320,1        ,194,2.6332128955118472,2.4155529317044944
2018-03-21,124.83 ,125.41 ,123.98 ,-0.064               ,124.83,124.91   ,358093  ,20180321,2        ,195,2.6420117232604206,2.457479207477251
2018-03-22,119.99 ,122.68 ,119.7  ,-3.877               ,122.2 ,124.83   ,10501470,20180322,3        ,196,2.8754652046002396,2.82448197981383
2018-03-23,117.0  ,120.73 ,116.76 ,-2.492               ,119.89,119.99   ,10024268,20180323,4        ,197,3.3476956435545366,3.5238843825056683
2018-03-26,120.64 ,120.74 ,117.8  ,3.111                ,119.09,117.0    ,8735438 ,20180326,0        ,198,3.3106324030167134,3.446033131504879
2018-03-27,117.4  ,121.6  ,116.74 ,-2.6860000000000004  ,121.52,120.64   ,9008647 ,20180327,1        ,199,3.4514840034841607,3.6345620473042985
2018-03-28,116.99 ,118.07 ,116.03 ,-0.349               ,116.93,117.4    ,9420430 ,20180328,2        ,200,3.556803640035231 ,3.7646204409971045
2018-03-29,119.62 ,120.595,117.04 ,2.248                ,117.68,116.99   ,12918073,20180329,3        ,201,3.5566396727585867,3.736671048864148
2018-04-02,118.39 ,119.83 ,116.76 ,-1.028               ,119.27,119.62   ,9877103 ,20180402,0        ,202,3.5123997023327806,3.647781575682239
2018-04-03,119.2  ,119.99 ,117.49 ,0.684                ,118.89,118.39   ,7084805 ,20180403,1        ,203,3.4203633654260552,3.494744032257908
2018-04-04,119.81 ,120.12 ,116.71 ,0.512                ,116.9 ,119.2    ,8425714 ,20180404,2        ,204,3.419421241293334 ,3.4834448279568533
2018-04-05,121.25 ,122.01 ,120.39 ,1.202                ,121.27,119.81   ,1613847 ,20180405,3        ,205,3.364019310101989 ,3.3936521842292553
2018-04-06,117.7  ,120.557,117.12 ,-2.928               ,120.18,121.25   ,8383796 ,20180406,4        ,206,3.3706539182924633,3.3994318929986886
2018-04-09,118.79 ,120.67 ,118.63 ,0.926                ,118.63,117.7    ,7024815 ,20180409,0        ,207,3.3024126528255136,3.2955076405988537
2018-04-10,120.72 ,121.16 ,119.64 ,1.625                ,120.56,118.79   ,9006074 ,20180410,1        ,208,3.3167387753279125,3.3174399551856726
2018-04-11,119.8  ,121.66 ,119.63 ,-0.762               ,119.86,120.72   ,529370  ,20180411,2        ,209,3.2761261593065565,3.257781294494239
2018-04-12,121.07 ,121.98 ,120.39 ,1.06                 ,120.4 ,119.8    ,5666005 ,20180412,3        ,210,3.1228419627230557,3.0354104552283236
2018-04-13,120.75 ,122.47 ,120.65 ,-0.264               ,121.73,121.07   ,9174257 ,20180413,4        ,211,3.081674511497339 ,2.9866890611978736
2018-04-16,121.88 ,122.87 ,121.51 ,0.936                ,122.11,120.75   ,6903235 ,20180416,0        ,212,2.9651586466380384,2.828463853038146
2018-04-17,123.91 ,124.26 ,122.52 ,1.666                ,123.0 ,121.88   ,416984  ,20180417,1        ,213,3.014689678830534 ,2.91933533929973
2018-04-18,124.51 ,124.87 ,123.38 ,0.484                ,123.99,123.91   ,398058  ,20180418,2        ,214,3.0124451625703816,2.9287572940597637
2018-04-19,123.96 ,124.72 ,123.15 ,-0.442               ,124.31,124.51   ,7294128 ,20180419,3        ,215,2.881313784004617 ,2.7475896548517875
2018-04-20,123.87 ,124.8  ,123.51 ,-0.073               ,124.05,123.96   ,494398  ,20180420,4        ,216,2.736648894398938 ,2.553244367538208
2018-04-23,124.46 ,124.97 ,123.9  ,0.476                ,124.3 ,123.87   ,8004330 ,20180423,0        ,217,2.5851353584009904,2.355478451866441
2018-04-24,121.27 ,125.04 ,120.55 ,-2.563               ,124.87,124.46   ,9434388 ,20180424,1        ,218,2.758304871422727 ,2.640081324950924
2018-04-25,121.21 ,121.35 ,119.37 ,-0.049               ,121.14,121.27   ,8001229 ,20180425,2        ,219,2.9702771560047605,2.9667371482908096
2018-04-26,126.7  ,127.58 ,123.85 ,4.529                ,125.14,121.21   ,1048191 ,20180426,3        ,220,3.2738883238567293,3.412505528518706
2018-04-27,126.0  ,127.06 ,125.39 ,-0.552               ,126.68,126.7    ,564539  ,20180427,4        ,221,3.5080802945667013,3.737504791382881
2018-04-30,126.88 ,127.9  ,126.66 ,0.698                ,126.74,126.0    ,8449212 ,20180430,0        ,222,3.301891176757566 ,3.404504152531827
2018-05-01,127.0  ,126.94 ,125.53 ,0.095                ,126.81,126.88   ,355701  ,20180501,1        ,223,3.129901069687657 ,3.1385702655275796
2018-05-02,126.38 ,128.1  ,126.0  ,-0.488               ,127.88,127.0    ,8515290 ,20180502,2        ,224,3.0362736996705473,3.0000942301239
2018-05-03,127.18 ,127.46 ,125.32 ,0.633                ,125.81,126.38   ,6778649 ,20180503,3        ,225,2.95479427239177  ,2.8854149994407123
2018-05-04,128.16 ,128.36 ,126.07 ,0.7709999999999999   ,126.33,127.18   ,5798380 ,20180504,4        ,226,2.894358429422791 ,2.8060263328486195
2018-05-07,129.26 ,129.52 ,128.25 ,0.858                ,128.4 ,128.16   ,5737264 ,20180507,0        ,227,2.843962208547771 ,2.7438894884688017
2018-05-08,129.9  ,129.97 ,128.31 ,0.495                ,129.14,129.26   ,5044721 ,20180508,1        ,228,2.7499656441031326,2.6193708900062904
2018-05-09,130.84 ,131.0  ,129.59 ,0.7240000000000001   ,130.01,129.9    ,6119401 ,20180509,2        ,229,2.6581505855205956,2.502121438005452
2018-05-10,131.0  ,131.75 ,130.72 ,0.122                ,131.29,130.84   ,6585753 ,20180510,3        ,230,2.5846823504531105,2.4151719129380536
2018-05-11,131.82 ,132.09 ,130.23 ,0.626                ,131.0 ,131.0    ,5437124 ,20180511,4        ,231,2.518802136759126 ,2.3411489912129815
2018-05-14,131.21 ,132.5  ,130.67 ,-0.463               ,132.43,131.82   ,5017015 ,20180514,0        ,232,2.4561837606759185,2.272995792384585
2018-05-15,131.1  ,131.4  ,129.9  ,-0.084               ,130.56,131.21   ,5532295 ,20180515,1        ,233,2.407439782422605 ,2.225929686733305
2018-05-16,130.89 ,131.4  ,130.54 ,-0.16                ,131.09,131.1    ,5124193 ,20180516,2        ,234,2.266763438539646 ,2.0438057285021993
2018-05-17,129.93 ,130.8  ,129.61 ,-0.733               ,130.58,130.89   ,4911730 ,20180517,3        ,235,2.1961485804785568,1.9699649647019033
2018-05-18,129.93 ,130.34 ,129.07 ,0.0                  ,129.62,129.93   ,6082685 ,20180518,4        ,236,2.16195325497521  ,1.949969636074982
2018-05-21,130.66 ,131.507,129.99 ,0.562                ,130.95,129.93   ,5591804 ,20180521,0        ,237,2.1087756863336136,1.9002403512649841
2018-05-22,130.71 ,131.78 ,130.5  ,0.038                ,131.0 ,130.66   ,6645279 ,20180522,1        ,238,2.0852506239366373,1.8935416377629855
2018-05-23,131.88 ,131.91 ,129.8  ,0.895                ,130.06,130.71   ,6569116 ,20180523,2        ,239,2.0875005672153852,1.9224027527279188
2018-05-24,131.89 ,132.21 ,130.5  ,0.008                ,131.82,131.88   ,6035241 ,20180524,3        ,240,2.053182333828539 ,1.8940823856975306
2018-05-25,131.28 ,132.1  ,130.93 ,-0.463               ,131.88,131.89   ,7509647 ,20180525,4        ,241,1.972893030745496 ,1.797538067604525
2018-05-29,129.69 ,131.05 ,129.06 ,-1.211               ,130.39,131.28   ,10401923,20180529,1        ,242,2.0508118461390787,1.9351996585905864
2018-05-30,130.64 ,131.1  ,129.87 ,0.733                ,130.2 ,129.69   ,10631269,20180530,2        ,243,1.9925562237581718,1.8651730374451783
2018-05-31,130.72 ,131.58 ,129.98 ,0.061                ,130.65,130.64   ,11085956,20180531,3        ,244,1.983232930688575 ,1.8684832991191564
2018-06-01,130.85 ,132.51 ,130.36 ,0.099                ,131.84,130.72   ,8323370 ,20180601,4        ,245,1.9983935733542435,1.9060188592365992
2018-06-04,133.07 ,133.57 ,131.43 ,1.6969999999999998   ,131.94,130.85   ,7177958 ,20180604,0        ,246,2.075812339417568 ,2.0318830113383815
2018-06-05,133.555,133.62 ,132.71 ,0.364                ,133.24,133.07   ,407716  ,20180605,1        ,247,2.138920308564849 ,2.130298609826595
2018-06-06,136.28 ,136.31 ,133.61 ,2.04                 ,134.0 ,133.555  ,8065764 ,20180606,2        ,248,2.239018462336618 ,2.278258795183046
2018-06-07,133.84 ,136.58 ,133.05 ,-1.79                ,136.36,136.28   ,8309178 ,20180607,3        ,249,2.356380420311281 ,2.4451576224919735
2018-06-08,134.74 ,134.915,133.23 ,0.672                ,133.44,133.84   ,5260976 ,20180608,4        ,250,2.419436745740103 ,2.525803272826382
2018-06-11,133.91 ,135.19 ,133.81 ,-0.616               ,134.9 ,134.74   ,7988703 ,20180611,0        ,251,2.324942496123863 ,2.373029503116197
2018-06-12,134.86 ,135.129,133.54 ,0.7090000000000001   ,134.04,133.91   ,5743302 ,20180612,1        ,252,2.2580386328376205,2.2684922360340374
2018-06-13,134.4  ,135.77 ,134.31 ,-0.341               ,135.18,134.86   ,4881581 ,20180613,2        ,253,2.2218533025785447,2.2140266045628305
2018-06-14,134.97 ,135.65 ,134.78 ,0.424                ,135.08,134.4    ,376660  ,20180614,3        ,254,2.0989575477952545,2.034823057287787
2018-06-15,135.1  ,135.73 ,134.0  ,0.096                ,135.1 ,134.97   ,10044514,20180615,4        ,255,2.0654159525402904,1.9941799829827471
2018-06-18,136.2  ,136.31 ,134.12 ,0.8140000000000001   ,134.37,135.1    ,8713298 ,20180618,0        ,256,2.076741775036888 ,2.0202893185850472
2018-06-19,135.11 ,135.235,133.57 ,-0.8                 ,134.56,136.2    ,6557632 ,20180619,1        ,257,2.0393107045782077,1.972917409440377
2018-06-20,135.5  ,136.69 ,135.5  ,0.289                ,135.52,135.11   ,7191977 ,20180620,2        ,258,1.9621006405241745,1.8685284215149929
2018-06-21,134.63 ,136.1  ,134.26 ,-0.642               ,135.15,135.5    ,417650  ,20180621,3        ,259,1.9510005822945125,1.864724631979661
2018-06-22,135.33 ,135.85 ,134.26 ,0.52                 ,135.6 ,134.63   ,6173350 ,20180622,4        ,260,1.9181823475399502,1.8280946810490402
2018-06-25,130.93 ,134.91 ,129.53 ,-3.2510000000000003  ,134.91,135.33   ,10086236,20180625,0        ,261,2.232893043222634 ,2.3016820569091676
2018-06-26,132.55 ,133.79 ,131.61 ,1.237                ,132.11,130.93   ,7733865 ,20180626,1        ,262,2.3680845847496084,2.4907911159879492
2018-06-27,131.02 ,133.657,131.01 ,-1.154               ,133.01,132.55   ,7282062 ,20180627,2        ,263,2.400713258863666 ,2.522285633856223
2018-06-28,132.74 ,133.12 ,130.65 ,1.3130000000000002   ,131.0 ,131.02   ,6576536 ,20180628,3        ,264,2.4070120535124913,2.5153142160087265
2018-06-29,132.45 ,134.19 ,132.45 ,-0.218               ,133.28,132.74   ,7258961 ,20180629,4        ,265,2.476374594102941 ,2.602605653874228
2018-07-02,132.5  ,133.05 ,131.15 ,0.038                ,131.96,132.45   ,7554385 ,20180702,0        ,266,2.4239769037294816,2.5089249000243314
2018-07-03,131.44 ,133.35 ,131.43 ,-0.8                 ,133.21,132.5    ,338436  ,20180703,1        ,267,2.3781608215718855,2.4304015800210856
2018-07-05,133.29 ,133.33 ,131.83 ,1.4069999999999998   ,132.13,131.44   ,4729298 ,20180705,3        ,268,2.2983280196102194,2.3063480360182744
2018-07-06,134.09 ,134.28 ,132.5  ,0.6                  ,133.58,133.29   ,4839785 ,20180706,4        ,269,2.34757092691871  ,2.3775016312158384
2018-07-09,135.52 ,135.969,134.79 ,1.0659999999999998   ,134.94,134.09   ,8960741 ,20180709,0        ,270,2.377700842653553 ,2.4177014137203896
2018-07-10,136.69 ,137.33 ,135.34 ,0.863                ,135.57,135.52   ,6561867 ,20180710,1        ,271,2.4560916751400237,2.5273412252243355
2018-07-11,138.15 ,138.81 ,136.6  ,1.068                ,136.63,136.69   ,10648707,20180711,2        ,272,2.5319015228549437,2.6290290618610856
2018-07-12,139.9  ,139.95 ,138.66 ,1.267                ,139.01,138.15   ,11816114,20180712,3        ,273,2.598092293504795 ,2.7131585202796065
2018-07-13,139.42 ,140.03 ,137.54 ,-0.343               ,139.79,139.9    ,7866197 ,20180713,4        ,274,2.588265721367956 ,2.6834040509089934
2018-07-16,138.46 ,139.55 ,138.16 ,-0.6890000000000001  ,139.42,139.42   ,4970287 ,20180716,0        ,275,2.511150655788764 ,2.5576168441211324
2018-07-17,139.64 ,139.91 ,137.42 ,0.852                ,138.18,138.46   ,5412609 ,20180717,1        ,276,2.5092278688988703,2.5486012649049825
2018-07-18,140.9  ,141.17 ,139.37 ,0.902                ,139.91,139.64   ,7008550 ,20180718,2        ,277,2.527479880817207 ,2.5701210962509786
2018-07-19,140.13 ,140.99 ,139.93 ,-0.546               ,140.95,140.9    ,7937007 ,20180719,3        ,278,2.4204362552880694,2.407438283417518
2018-07-20,140.99 ,141.47 ,139.92 ,0.614                ,140.0 ,140.13   ,7156679 ,20180720,4        ,279,2.3413056866253155,2.29311317896185
2018-07-23,140.03 ,140.97 ,139.64 ,-0.6809999999999999  ,140.66,140.99   ,7723617 ,20180723,0        ,280,2.2493688060228   ,2.164698088433605
2018-07-24,140.03 ,141.47 ,139.51 ,0.0                  ,140.99,140.03   ,8336698 ,20180724,1        ,281,2.2230625509297632,2.137405009975792
2018-07-25,142.64 ,142.77 ,139.9  ,1.864                ,140.34,140.03   ,8386662 ,20180725,2        ,282,2.281875046299899 ,2.2350843419790203
2018-07-26,142.5  ,142.79 ,139.53 ,-0.098               ,141.61,142.64   ,10520800,20180726,3        ,283,2.3707954966364273,2.3717397630484833
2018-07-27,140.71 ,143.14 ,139.21 ,-1.256               ,143.08,142.5    ,7015207 ,20180727,4        ,284,2.5125413605787945,2.579507794642016
2018-07-30,136.48 ,140.42 ,135.31 ,-3.006               ,140.13,140.71   ,12812351,20180730,0        ,285,2.937764873254067 ,3.1942400886897473
2018-07-31,136.74 ,138.02 ,135.63 ,0.191                ,137.13,136.48   ,7683341 ,20180731,1        ,286,3.132513521140319 ,3.445674743531116
2018-08-01,138.25 ,138.735,137.41 ,1.104                ,137.74,136.74   ,7087731 ,20180801,2        ,287,3.0527395646729234,3.2869181110603036
2018-08-02,138.92 ,139.19 ,137.0  ,0.485                ,137.45,138.25   ,12300023,20180802,3        ,288,2.9979450587935084,3.175329029585599
2018-08-03,139.82 ,139.86 ,137.94 ,0.648                ,139.29,138.92   ,4617813 ,20180803,4        ,289,2.8999500534485483,3.0079518256408546
2018-08-06,139.71 ,140.26 ,139.05 ,-0.079               ,139.65,139.82   ,5143228 ,20180806,0        ,290,2.758136412225826 ,2.785558248888741
2018-08-07,140.28 ,140.69 ,139.87 ,0.408                ,139.98,139.71   ,10034524,20180807,1        ,291,2.5864876474778833,2.5301504823702428
2018-08-08,140.68 ,140.99 ,139.83 ,0.285                ,139.98,140.28   ,5389491 ,20180808,2        ,292,2.467716043161621 ,2.36346375138754
2018-08-09,140.01 ,141.24 ,139.9  ,-0.476               ,140.73,140.68   ,5679260 ,20180809,3        ,293,2.365196402874132 ,2.2270019178692015
2018-08-10,139.73 ,140.74 ,139.25 ,-0.2                 ,139.88,140.01   ,6523759 ,20180810,4        ,294,2.28563309352189  ,2.1287349954866426
2018-08-13,140.21 ,141.24 ,139.83 ,0.344                ,140.53,139.73   ,4817496 ,20180813,0        ,295,2.206030085019855 ,2.03290366275509
2018-08-14,140.76 ,140.99 ,139.88 ,0.392                ,140.3 ,140.21   ,5888925 ,20180814,1        ,296,2.1200273500180056,1.92984984105441
2018-08-15,139.92 ,140.69 ,138.84 ,-0.597               ,140.35,140.76   ,5288739 ,20180815,2        ,297,2.095479409107266 ,1.9192031955804878
2018-08-16,140.65 ,141.49 ,140.42 ,0.522                ,141.07,139.92   ,5931651 ,20180816,3        ,298,2.0022540082792952,1.8059761028364256
2018-08-17,141.33 ,141.71 ,140.565,0.483                ,140.78,140.65   ,7699607 ,20180817,4        ,299,1.9829581893448058,1.8038459557915678
2018-08-20,140.94 ,141.6  ,140.7  ,-0.276               ,141.54,141.33   ,4662168 ,20180820,0        ,300,1.8890528994043325,1.6899998283526867
2018-08-21,140.04 ,141.457,139.8  ,-0.639               ,141.0 ,140.94   ,6854347 ,20180821,1        ,301,1.8679571812766576,1.685599851238993
2018-08-22,141.14 ,141.53 ,139.85 ,0.785                ,139.85,140.04   ,4191949 ,20180822,2        ,302,1.8508701647969572,1.684853204407128
2018-08-23,142.1  ,142.445,140.77 ,0.68                 ,141.01,141.14   ,4427093 ,20180823,3        ,303,1.9012456043608807,1.7808727771528408
2018-08-24,144.2  ,144.38 ,142.32 ,1.4780000000000002   ,142.32,142.1    ,5714023 ,20180824,4        ,304,2.0229505494190096,1.9754230735324596
2018-08-27,145.4  ,145.6  ,144.71 ,0.8320000000000001   ,144.99,144.2    ,7194938 ,20180827,0        ,305,2.157227772199126 ,2.1786999970614613
2018-08-28,145.2  ,146.17 ,144.87 ,-0.138               ,145.63,145.4    ,4926041 ,20180828,1        ,306,2.1402070656355634,2.150873330786596
2018-08-29,147.03 ,147.3  ,145.42 ,1.26                 ,145.46,145.2    ,5192935 ,20180829,2        ,307,2.1183700596686883,2.11742355334838
2018-08-30,146.74 ,147.71 ,146.36 ,-0.197               ,146.82,147.03   ,7804963 ,20180830,3        ,308,2.1539727815169942,2.169767079568595
2018-08-31,146.89 ,147.64 ,146.5  ,0.102                ,146.74,146.74   ,5786569 ,20180831,4        ,309,2.061793437742707 ,2.0324648022927807
2018-09-04,147.8  ,147.86 ,146.667,0.62                 ,146.93,146.89   ,7638091 ,20180904,1        ,310,1.9828122161297244,1.920536161987078
2018-09-05,142.67 ,147.82 ,142.55 ,-3.471               ,147.0 ,147.8    ,11363391,20180905,2        ,311,2.2816474692088753,2.3671313403887986
2018-09-06,144.5  ,144.7  ,142.54 ,1.283                ,143.29,142.67   ,9589246 ,20180906,3        ,312,2.552406790189921 ,2.7528471616702985
2018-09-07,143.2  ,144.44 ,142.75 ,-0.9                 ,143.99,144.5    ,13626619,20180907,4        ,313,2.4812789001726467,2.6218008734475897
2018-09-10,144.08 ,144.44 ,143.21 ,0.615                ,144.13,143.2    ,5362694 ,20180910,0        ,314,2.372980818338759 ,2.444227423654577
2018-09-11,145.49 ,145.52 ,143.25 ,0.979                ,143.46,144.08   ,9896017 ,20180911,1        ,315,2.3681643803079644,2.4276637671673034
2018-09-12,146.57 ,146.8  ,145.07 ,0.742                ,145.85,145.49   ,6964135 ,20180912,2        ,316,2.400149436643606 ,2.466641931544996
2018-09-13,147.63 ,148.065,147.09 ,0.723                ,147.15,146.57   ,5803447 ,20180913,3        ,317,2.4160449424032757,2.481089674005658
2018-09-14,147.84 ,148.37 ,147.35 ,0.142                ,147.91,147.63   ,4928283 ,20180914,4        ,318,2.360040856730248 ,2.3902777174715717
2018-09-17,146.18 ,147.9  ,145.83 ,-1.123               ,147.83,147.84   ,7708643 ,20180917,0        ,319,2.3336735061184055,2.3475740218086942
2018-09-18,147.63 ,148.09 ,145.95 ,0.992                ,146.2 ,146.18   ,5692208 ,20180918,1        ,320,2.3160668237440056,2.3198974855675365
2018-09-19,147.42 ,148.82 ,147.25 ,-0.142               ,148.28,147.63   ,7432335 ,20180919,2        ,321,2.3455152943127326,2.3625778208251966
2018-09-20,149.24 ,149.485,147.2  ,1.235                ,147.99,147.42   ,7172740 ,20180920,3        ,322,2.340013903920668 ,2.352234111381841
2018-09-21,150.05 ,150.26 ,149.35 ,0.5429999999999999   ,149.95,149.24   ,15628076,20180921,4        ,323,2.3854671853824274,2.417269563197596
2018-09-24,149.11 ,149.65 ,147.27 ,-0.626               ,149.16,150.05   ,6706692 ,20180924,0        ,324,2.384970168529479 ,2.4123002881045825
2018-09-25,149.58 ,149.96 ,149.1  ,0.315                ,149.71,149.11   ,4230860 ,20180925,1        ,325,2.254518335026796 ,2.217326916357307
2018-09-26,149.27 ,150.42 ,149.04 ,-0.207               ,150.0 ,149.58   ,5852463 ,20180926,2        ,326,2.1750166682061756,2.105683327509665
2018-09-27,150.02 ,150.64 ,149.56 ,0.502                ,149.9 ,149.27   ,5868620 ,20180927,3        ,327,2.0754696983692464,1.9689255505083743
2018-09-28,150.09 ,150.37 ,149.55 ,0.047                ,149.81,150.02   ,6035936 ,20180928,4        ,328,1.986790634881128 ,1.8530688104405864
2018-10-01,150.79 ,151.56 ,150.61 ,0.466                ,150.89,150.09   ,9802691 ,20181001,0        ,329,1.9461733044373848,1.8113263023818367
2018-10-02,149.67 ,150.84 ,149.17 ,-0.743               ,150.84,150.79   ,8047706 ,20181002,1        ,330,1.9210666403976233,1.792482795397594
2018-10-03,149.37 ,150.71 ,149.19 ,-0.2                 ,150.71,149.67   ,7521101 ,20181003,2        ,331,1.8918787639978407,1.7668184226779178
2018-10-04,146.76 ,149.28 ,146.1  ,-1.747               ,149.18,149.37   ,9208887 ,20181004,3        ,332,2.0444352399980414,2.0072426329875315
2018-10-05,145.36 ,147.41 ,144.4  ,-0.954               ,146.64,146.76   ,7085718 ,20181005,4        ,333,2.310395672725496 ,2.402276948589194
2018-10-08,141.89 ,145.01 ,140.18 ,-2.387               ,145.01,145.36   ,11637314,20181008,0        ,334,2.6985415206595484,2.959306688777303
2018-10-09,142.31 ,143.29 ,141.12 ,0.29600000000000004  ,141.46,141.89   ,10798415,20181009,1        ,335,2.8386741096905013,3.1300657969403303
2018-10-10,135.52 ,142.689,135.21 ,-4.771               ,142.57,142.31   ,15450086,20181010,2        ,336,3.2605219179004594,3.709923690681618
2018-10-11,133.73 ,137.24 ,132.26 ,-1.321               ,134.09,135.52   ,15657170,20181011,3        ,337,3.8777471980913343,4.555267198590737
2018-10-12,140.06 ,140.98 ,137.43 ,4.7330000000000005   ,138.48,133.73   ,12993257,20181012,4        ,338,4.02158836190121  ,4.6758982387786325
2018-10-15,137.23 ,140.06 ,137.22 ,-2.021               ,139.9 ,140.06   ,7953001 ,20181015,0        ,339,4.231443965364739 ,4.896445140274817
2018-10-16,141.74 ,142.14 ,138.68 ,3.286                ,138.71,137.23   ,11059518,20181016,1        ,340,4.1613126957861235,4.704919121571504
2018-10-17,142.55 ,142.79 ,140.79 ,0.5710000000000001   ,142.19,141.74   ,394321  ,20181017,2        ,341,4.288466087078293 ,4.8189299053619665
2018-10-18,139.29 ,142.46 ,137.95 ,-2.287               ,142.46,142.55   ,10222553,20181018,3        ,342,4.30860553370754  ,4.777739251313707
2018-10-19,140.08 ,142.19 ,139.38 ,0.5670000000000001   ,139.9 ,139.29   ,8696873 ,20181019,4        ,343,4.205095939734129 ,4.563374017805215
2018-10-22,140.64 ,141.54 ,139.51 ,0.4                  ,140.97,140.08   ,6099509 ,20181022,0        ,344,4.027359945212841 ,4.254924148764516
2018-10-23,139.12 ,140.04 ,135.59 ,-1.081               ,136.89,140.64   ,10736088,20181023,1        ,345,4.069418132011677 ,4.286267595595919
2018-10-24,134.26 ,140.18 ,134.0  ,-3.4930000000000003  ,139.7 ,139.12   ,13849587,20181024,2        ,346,4.303107392737887 ,4.600098582849794
2018-10-25,140.5  ,140.79 ,132.54 ,4.648                ,135.53,134.26   ,982074  ,20181025,3        ,347,4.661915811579899 ,5.086752105136489
2018-10-26,137.74 ,139.87 ,136.06 ,-1.964               ,137.98,140.5    ,12034937,20181026,4        ,348,4.748105283254455 ,5.156518491118292
2018-10-29,134.33 ,141.51 ,132.27 ,-2.476               ,139.61,137.74   ,12768190,20181029,0        ,349,5.156459348413141 ,5.700982692302517
2018-10-30,132.76 ,134.86 ,129.79 ,-1.169               ,133.08,134.33   ,15107555,20181030,1        ,350,5.410417589466494 ,6.000851666662184
2018-10-31,137.85 ,139.12 ,134.99 ,3.834                ,134.99,132.76   ,13205283,20181031,2        ,351,5.354015990424082 ,5.839404777773888
2018-11-01,140.83 ,140.87 ,137.49 ,2.162                ,139.0 ,137.85   ,16023953,20181101,3        ,352,5.604559991294622 ,6.142150807404038
2018-11-02,139.78 ,141.455,137.85 ,-0.746               ,141.11,140.83   ,17063121,20181102,4        ,353,5.422781810267839 ,5.803864033083502
2018-11-05,139.78 ,141.455,137.85 ,0.0                  ,141.11,139.78   ,17063121,20181105,0        ,354,5.25752891842531  ,5.510682162005704
2018-11-06,139.8  ,140.21 ,138.07 ,0.014                ,139.8 ,139.78   ,6280034 ,20181106,1        ,355,4.9741171985684645,5.0612578737382785
2018-11-07,144.81 ,144.87 ,142.5  ,3.584                ,142.5 ,139.8    ,911595  ,20181107,2        ,356,4.9846519986986015,5.065090157239839
2018-11-08,144.78 ,144.9  ,142.32 ,-0.021               ,142.34,144.81   ,20502121,20181108,3        ,357,4.995138180635092 ,5.069744802941193
2018-11-09,143.93 ,144.57 ,142.36 ,-0.5870000000000001  ,144.2 ,144.78   ,8339828 ,20181109,4        ,358,4.763761982395536 ,4.720445495882365
2018-11-12,139.72 ,143.64 ,139.17 ,-2.925               ,143.42,143.93   ,11335081,20181112,0        ,359,4.840692711268673 ,4.8390527630980555
2018-11-13,139.72 ,141.9  ,139.01 ,0.0                  ,140.35,139.72   ,6286973 ,20181113,1        ,360,4.847902464789707 ,4.8498457280183205
2018-11-14,139.5  ,142.265,138.51 ,-0.157               ,142.25,139.72   ,600331  ,20181114,2        ,361,4.748547695263369 ,4.703866297615877
2018-11-15,141.84 ,141.91 ,137.93 ,1.6769999999999998   ,138.85,139.5    ,8564991 ,20181115,3        ,362,4.678679722966698 ,4.607350791267092
2018-11-16,140.18 ,141.84 ,139.92 ,-1.17                ,140.42,141.84   ,8628027 ,20181116,4        ,363,4.466072475424271 ,4.30503735243148
2018-11-19,138.78 ,140.47 ,138.8  ,-0.999               ,140.47,140.18   ,42192   ,20181119,0        ,364,4.336429523112976 ,4.136365705440618
2018-11-20,133.34 ,134.47 ,129.55 ,-3.92                ,130.31,138.78   ,1187789 ,20181120,1        ,365,4.908572293739069 ,5.002183611381869
2018-11-21,134.42 ,135.78 ,133.63 ,0.81                 ,134.36,133.34   ,7416057 ,20181121,2        ,366,4.93052026703552  ,5.0218924631976245
2018-11-23,132.87 ,134.25 ,132.49 ,-1.153               ,132.59,134.42   ,3676032 ,20181123,4        ,367,4.642291151850472 ,4.586973468104607
2018-11-26,135.94 ,136.52 ,134.25 ,2.311                ,134.6 ,132.87   ,9144597 ,20181126,0        ,368,4.426628319864066 ,4.278043672357327
2018-11-27,135.91 ,136.31 ,134.12 ,-0.022               ,135.28,135.94   ,7877868 ,20181127,1        ,369,4.33693483624006  ,4.1663045160430165
2018-11-28,141.38 ,141.54 ,136.869,4.025                ,137.07,135.91   ,11265076,20181128,2        ,370,4.451758942036418 ,4.357463913903947
2018-11-29,141.38 ,141.54 ,136.869,0.0                  ,137.07,141.38   ,11265076,20181129,3        ,371,4.558871765487649 ,4.527135392050084
2018-11-30,141.71 ,142.26 ,138.63 ,0.233                ,139.01,141.38   ,11362793,20181130,4        ,372,4.474428877716044 ,4.407517339776739
2018-12-03,141.71 ,142.26 ,138.63 ,0.0                  ,139.01,141.71   ,11362793,20181203,0        ,373,4.397662616105494 ,4.303848361139839
2018-12-04,138.64 ,144.35 ,138.5  ,-2.166               ,143.13,141.71   ,13982068,20181204,1        ,374,4.529693287368631 ,4.51000191298786
2018-12-06,141.05 ,141.11 ,133.48 ,1.7380000000000002   ,135.04,138.64   ,16391896,20181206,3        ,375,4.86608480669876  ,5.006001657922819
2018-12-07,137.11 ,142.13 ,135.99 ,-2.793               ,140.82,141.05   ,14007711,20181207,4        ,376,4.981895278817054 ,5.1572014368664405
2018-12-10,137.88 ,138.27 ,134.855,0.562                ,136.25,137.11   ,15744294,20181210,0        ,377,5.0921775261973234,5.295574578617584
2018-12-11,136.81 ,140.05 ,135.92 ,-0.7759999999999999  ,139.94,137.88   ,12466320,20181211,1        ,378,5.004706841997569 ,5.140164634801909
2018-12-12,137.8  ,140.88 ,137.75 ,0.7240000000000001   ,139.3 ,136.81   ,10387198,20181212,2        ,379,4.8342789472705165,4.872142683494988
2018-12-13,137.54 ,139.13 ,136.15 ,-0.189               ,138.3 ,137.8    ,8780914 ,20181213,3        ,380,4.665708133882287 ,4.619856992362322
2018-12-14,135.09 ,136.72 ,134.55 ,-1.781               ,135.69,137.54   ,9351186 ,20181214,4        ,381,4.537007394438443 ,4.437209393380678
2018-12-17,131.4  ,134.43 ,130.69 ,-2.732               ,134.21,135.09   ,11796196,20181217,0        ,382,4.747279449489493 ,4.758914807596588
2018-12-18,132.66 ,134.17 ,131.8  ,0.959                ,132.29,131.4    ,12762333,20181218,1        ,383,4.614799499535905 ,4.563059499917046
2018-12-19,131.26 ,135.87 ,129.52 ,-1.055               ,132.93,132.66   ,13819008,20181219,2        ,384,4.772544999578095 ,4.80131823326144
2018-12-20,128.76 ,132.01 ,127.15 ,-1.905               ,130.16,131.26   ,18091669,20181220,3        ,385,4.839586363252813 ,4.895809135493246
2018-12-21,124.26 ,130.33 ,122.95 ,-3.495               ,127.18,128.76   ,25448609,20181221,4        ,386,5.155078512048012 ,5.351034584094144
2018-12-24,121.73 ,125.21 ,121.6  ,-2.036               ,122.08,124.26   ,8617681 ,20181224,0        ,387,5.337344101861828 ,5.592229972881591
2018-12-26,130.23 ,130.24 ,123.0  ,6.983                ,123.02,121.73   ,13499510,20181226,2        ,388,5.5103128198743905,5.811932643164047
2018-12-27,130.23 ,130.24 ,123.0  ,0.0                  ,123.02,130.23   ,13499510,20181227,3        ,389,5.783011654431264 ,6.17167495740884
2018-12-28,130.23 ,130.24 ,123.0  ,0.0                  ,123.02,130.23   ,13499510,20181228,4        ,390,5.91546514039206  ,6.314118296420995
2018-12-31,130.23 ,130.24 ,123.0  ,0.0                  ,123.02,130.23   ,13499510,20181231,0        ,391,6.035877400356419 ,6.43756919023153
